-- phpMyAdmin SQL Dump
-- version 4.1.14
-- http://www.phpmyadmin.net
--
-- Client :  127.0.0.1
-- Généré le :  Ven 30 Juillet 2021 à 11:02
-- Version du serveur :  5.6.17
-- Version de PHP :  5.5.12

SET SQL_MODE = "NO_AUTO_VALUE_ON_ZERO";
SET time_zone = "+00:00";


/*!40101 SET @OLD_CHARACTER_SET_CLIENT=@@CHARACTER_SET_CLIENT */;
/*!40101 SET @OLD_CHARACTER_SET_RESULTS=@@CHARACTER_SET_RESULTS */;
/*!40101 SET @OLD_COLLATION_CONNECTION=@@COLLATION_CONNECTION */;
/*!40101 SET NAMES utf8 */;

--
-- Base de données :  `uvs`
--

-- --------------------------------------------------------

--
-- Structure de la table `cours`
--

CREATE TABLE IF NOT EXISTS `cours` (
  `dateCours` date NOT NULL,
  `idCours` varchar(50) CHARACTER SET utf8 COLLATE utf8_unicode_ci NOT NULL,
  `idProf` varchar(50) CHARACTER SET utf8 COLLATE utf8_unicode_ci NOT NULL,
  `numSall` int(100) NOT NULL,
  PRIMARY KEY (`idCours`)
) ENGINE=InnoDB DEFAULT CHARSET=latin1;

-- --------------------------------------------------------

--
-- Structure de la table `etudiant`
--

CREATE TABLE IF NOT EXISTS `etudiant` (
  `idEtu` varchar(200) CHARACTER SET utf8 COLLATE utf8_unicode_ci NOT NULL,
  `niveau` varchar(100) CHARACTER SET utf8 COLLATE utf8_unicode_ci NOT NULL,
  `nomEtu` varchar(50) CHARACTER SET utf8 COLLATE utf8_unicode_ci NOT NULL,
  `prenomEtu` varchar(100) CHARACTER SET utf8 COLLATE utf8_unicode_ci NOT NULL,
  PRIMARY KEY (`idEtu`)
) ENGINE=InnoDB DEFAULT CHARSET=latin1;

--
-- Contenu de la table `etudiant`
--

INSERT INTO `etudiant` (`idEtu`, `niveau`, `nomEtu`, `prenomEtu`) VALUES
('ET_01237293', ' M1 Intelligence Artificielle', ' KANE', ' Moustapha'),
('ET_032023', ' M1 Robotique', ' NDIAYE', ' Oumar'),
('ET_092368', ' M1 CyberSécurité', ' BADIAN', ' Ibrahima'),
('ET_09398621', ' M1 Modélisation mathématique analyse et simulation numériques', ' GUEYE', ' Mamadou'),
('ET_10894', ' M2 Calcul Scientifique', 'LAM', 'Alioune'),
('ET_111445', ' M2 Modélisation mathématique analyse et simulation numériques', 'BATHILY', 'Marième'),
('ET_115454', ' M2 Robotique', 'BATHILY', 'Karim'),
('ET_123656', ' M1 Big Data Analytics', ' MBAYE', ' Amadou'),
('ET_123723', ' M1 Intelligence Artificielle', ' WADE', ' Ousmane'),
('ET_123896142', ' M1 Robotique', ' BARRY', ' Abdoulaye'),
('ET_12396912', ' M1 Robotique', ' GUEYE', ' Bilal'),
('ET_124586', ' M2 Modélisation mathématique analyse et simulation numériques', 'FOFANA', 'Alioune'),
('ET_12531275', ' M1 Intelligence Artificielle', ' SALL', ' Fatoumata'),
('ET_12767', ' M1 Big Data Analytics', ' DIOP', ' Ahmada'),
('ET_129198', ' M2 Modélisation mathématique analyse et simulation numériques', 'MBOUP', 'Youssouf'),
('ET_1298039', ' M1 Modélisation mathématique analyse et simulation numériques', ' DIOUF', ' Alioune'),
('ET_1312123', ' M1 CyberSécurité', ' AW', ' Mouhamadou'),
('ET_13246289', ' M1 Modélisation mathématique analyse et simulation numériques', ' SIDIBE', ' Abdou Rahmane'),
('ET_133956', ' M2 CyberSécurité', 'CAMARA', 'Roukhya'),
('ET_138980', ' M2 Modélisation mathématique analyse et simulation numériques', 'KANE', 'Coumba'),
('ET_151098', ' M2 Big Data Analytics', 'DAFF', 'Natacha'),
('ET_15829', ' M2 Big Data Analytics', 'BADJI', 'Albert'),
('ET_162085', ' M2 CyberSécurité', 'CAMARA', 'Dieynaba'),
('ET_162830', ' M2 Calcul Scientifique', 'FALL', 'Seydou'),
('ET_168286', ' M2 CyberSécurité', 'LEYE', 'Albert'),
('ET_175644', ' M2 Modélisation mathématique analyse et simulation numériques', 'COULIBALY', 'Abdoulahi'),
('ET_188179', ' M2 Modélisation mathématique analyse et simulation numériques', 'DAFF', 'Youssouf'),
('ET_189849', ' M2 CyberSécurité', 'SY', 'Ngirane'),
('ET_198393', ' M2 Intelligence Artificielle', 'BODIAN', 'Moustapha'),
('ET_203420', ' M1 Calcul Scientifique', ' DIOUF', ' Fatou'),
('ET_208402', ' M2 CyberSécurité', 'CISSE', 'Fatou'),
('ET_211627', ' M2 Calcul Scientifique', 'MBENGUE', 'Ismaïla'),
('ET_212148', ' M2 CyberSécurité', 'COLY', 'Wally'),
('ET_212585', ' M2 Big Data Analytics', 'GAYE', 'Mouhamet'),
('ET_213658', ' M2 Calcul Scientifique', 'CISS', 'Jacob'),
('ET_21389231', ' M1 Intelligence Artificielle', ' THIAM', ' Mamadou'),
('ET_214080', ' M2 Intelligence Artificielle', 'BADJI', 'Karim'),
('ET_217217', ' M2 CyberSécurité', 'MBAYE', 'Younouss'),
('ET_218961236', ' M1 Intelligence Artificielle', ' NDIAYE', ' Amsatou'),
('ET_219692836', ' M1 Modélisation mathématique analyse et simulation numériques', ' CISSE', ' Babacar'),
('ET_223677', ' M2 Robotique', 'DIOP', 'Ismaïla'),
('ET_23043098', ' M1 Calcul Scientifique', ' SOW', ' Aïda'),
('ET_230999', ' M2 Modélisation mathématique analyse et simulation numériques', 'BEYE', 'Coumba'),
('ET_231', ' M1 Big Data Analytics', ' DIOP', ' Aminata'),
('ET_23158213', ' M1 Intelligence Artificielle', ' DIOP', ' Adama'),
('ET_23186092', ' M1 Calcul Scientifique', ' DIATTARA', ' Ibrahima'),
('ET_234351', ' M2 Modélisation mathématique analyse et simulation numériques', 'CISSE', 'Ismaïla'),
('ET_23468210', ' M1 CyberSécurité', ' FAYE', ' Coumba'),
('ET_23486986', ' M1 Intelligence Artificielle', ' Mendy', ' Viviane Henriette'),
('ET_234897', ' M1 Big Data Analytics', ' DIOP', ' Fatoumata'),
('ET_234980', ' M1 CyberSécurité', ' BEYE', ' Bousso'),
('ET_23498443', ' M1 Intelligence Artificielle', ' CAMARA', ' El Hadj Ousmane'),
('ET_23575812', ' M1 Intelligence Artificielle', ' NDOYE', ' Dame'),
('ET_2375823', ' M1 Big Data Analytics', ' SALL', ' ISSA'),
('ET_2378543', ' M1 Modélisation mathématique analyse et simulation numériques', ' MAR', ' Maleye'),
('ET_23834091', ' M1 CyberSécurité', ' NAEL', ' Magatte'),
('ET_238523', ' M1 Big Data Analytics', ' NIANG', ' Madicke'),
('ET_23853823', ' M1 Intelligence Artificielle', ' GOUMBALLA', ' Ousseynou'),
('ET_2385812', ' M1 Robotique', ' NDIAYE', ' Khadim'),
('ET_23872349', ' M1 Robotique', ' COLY', ' Samuel'),
('ET_239234', ' M1 Robotique', ' DIAKHATE', ' Seynabou'),
('ET_23934987', ' M1 Robotique', ' TOURE', ' Abdoulahi'),
('ET_23968', ' M1 Big Data Analytics', ' SONKO', ' Ousmane'),
('ET_2396893089', ' M1 Calcul Scientifique', ' GUEYE', ' Ndoumbé'),
('ET_239698346', ' M1 CyberSécurité', ' FALL', ' Aliou'),
('ET_239812318', ' M1 Robotique', ' KAIRE', ' Seyni'),
('ET_23986234', ' M1 Modélisation mathématique analyse et simulation numériques', ' MBODJ', ' Daouda'),
('ET_2398723', ' M1 Robotique', ' YADE', ' Ahmet'),
('ET_240076', ' M2 Robotique', 'TALL', 'Jacob'),
('ET_24906234', ' M1 Robotique', ' DIAKHOUMPA', ' Mbayang'),
('ET_250047', ' M2 Modélisation mathématique analyse et simulation numériques', 'GAYE', 'Natacha'),
('ET_255239', ' M2 CyberSécurité', 'MANE', 'Penda'),
('ET_263750', ' M2 Robotique', 'COULIBALY', 'Moustapha'),
('ET_266652', ' M2 Big Data Analytics', 'FAYE', 'Ngirane'),
('ET_267932', ' M2 Big Data Analytics', 'LY', 'Karim'),
('ET_26923496', ' M1 CyberSécurité', ' BA', ' Demba'),
('ET_270003', ' M2 Robotique', 'DIOP', 'Youssouf'),
('ET_273976', ' M2 CyberSécurité', 'CAMARA', 'Abdoulahi'),
('ET_274243', ' M2 Intelligence Artificielle', 'MBAYE', 'Youssouf'),
('ET_275357', ' M2 Robotique', 'TRAORE', 'Ndeye Penda'),
('ET_285660', ' M2 Big Data Analytics', 'DAFF', 'Habib'),
('ET_287917', ' M2 Intelligence Artificielle', 'DIOKHANE', 'Fatou'),
('ET_2892385', ' M1 CyberSécurité', ' KOTO', ' Josephine'),
('ET_30158', ' M2 Calcul Scientifique', 'NDIR', 'Alioune'),
('ET_302672', ' M2 Intelligence Artificielle', 'COULIBALY', 'Oumou Kalsom'),
('ET_307798', ' M2 CyberSécurité', 'BADJI', 'Mame Birame'),
('ET_312983127', ' M1 Robotique', ' FALL', ' Ndeye Fatou'),
('ET_31361', ' M2 Big Data Analytics', 'AIDARA', 'Seydou'),
('ET_32098732', ' M1 Modélisation mathématique analyse et simulation numériques', ' FAYE', ' Demba'),
('ET_323551', ' M2 Calcul Scientifique', 'AW', 'Natacha'),
('ET_324189', ' M2 Robotique', 'DAFF', 'Aphsatou'),
('ET_3244907', ' M1 Calcul Scientifique', ' SARR', ' Idrissa'),
('ET_32468989', ' M1 Robotique', ' TALL', ' Yaye Sala'),
('ET_3248581', ' M1 CyberSécurité', ' SOW', ' Moussa'),
('ET_3269082', ' M1 Modélisation mathématique analyse et simulation numériques', ' MBAYE', ' Khadim'),
('ET_3280932', ' M1 Calcul Scientifique', ' BARRY', ' Fatou'),
('ET_3294623', ' M1 Intelligence Artificielle', ' MBODJ', ' Khoudia'),
('ET_32968761', ' M1 Big Data Analytics', ' SALL', ' Macky'),
('ET_329702347', ' M1 Modélisation mathématique analyse et simulation numériques', ' DIOP', ' Cheikh'),
('ET_3298348902', ' M1 Modélisation mathématique analyse et simulation numériques', ' DIARRA', ' Mouhamadou Moustapha'),
('ET_329860', ' M1 Modélisation mathématique analyse et simulation numériques', ' DIALLO', ' Alpha'),
('ET_331078', ' M2 CyberSécurité', 'BOLY', 'Bineta'),
('ET_331883', ' M2 Robotique', 'GASSAMA', 'Mariama'),
('ET_334950', ' M2 Robotique', 'CISS', 'Marième'),
('ET_338547', ' M2 Modélisation mathématique analyse et simulation numériques', 'KANOUTE', 'Moustapha'),
('ET_340384', ' M2 Calcul Scientifique', 'SISSOKO', 'Khadija'),
('ET_340574', ' M2 Intelligence Artificielle', 'CAMARA', 'Mouhamet'),
('ET_340972', ' M1 Calcul Scientifique', ' BOLY', ' Aliou'),
('ET_34224', ' M2 Big Data Analytics', 'CORREA', 'Abdoulahi'),
('ET_344261', ' M2 Big Data Analytics', 'BODIAN', 'Lissa'),
('ET_34790234', ' M1 Calcul Scientifique', ' SAMB', ' BARA'),
('ET_348558', ' M1 Intelligence Artificielle', ' DIAGNE', ' Albert Wally'),
('ET_3487129', ' M1 Calcul Scientifique', ' GAYE', ' Astou'),
('ET_351672', ' M2 Intelligence Artificielle', 'MBAYE', 'Mariama'),
('ET_35395', ' M2 Calcul Scientifique', 'AGNE', 'Penda'),
('ET_357959', ' M2 Calcul Scientifique', 'GUEYE', 'Antoinette'),
('ET_359338', ' M2 Intelligence Artificielle', 'BALDE', 'Abdoulahi'),
('ET_359609', ' M2 Intelligence Artificielle', 'AW', 'Sadio'),
('ET_37644', ' M2 Big Data Analytics', 'PAYE', 'Aphsatou'),
('ET_37784', ' M2 Calcul Scientifique', 'GASSAMA', 'Abdoulahi'),
('ET_378142', ' M2 Modélisation mathématique analyse et simulation numériques', 'DEME', 'Félicité'),
('ET_381340', ' M2 CyberSécurité', 'GUISSE', 'Aminata'),
('ET_384166', ' M2 CyberSécurité', 'LEYE', 'Aminata'),
('ET_393238', ' M2 Calcul Scientifique', 'FALL', 'Fanta'),
('ET_395142', ' M2 Robotique', 'MBENGUE', 'Bineta'),
('ET_3969032', ' M1 Calcul Scientifique', ' WADE', ' Soukeynah'),
('ET_39695', ' M2 Big Data Analytics', 'DIOKHANE', 'Fanta'),
('ET_403348', ' M2 Modélisation mathématique analyse et simulation numériques', 'KANE', 'Ismaïla'),
('ET_405682', ' M2 Intelligence Artificielle', 'GOUMBALLA', 'Oumou Kalsom'),
('ET_406422', ' M2 Calcul Scientifique', 'BARRY', 'Aphsatou'),
('ET_408154', ' M2 Intelligence Artificielle', 'BOLY', 'Mouhamet'),
('ET_413938', ' M2 Intelligence Artificielle', 'KANOUTE', 'Karim'),
('ET_427005', ' M2 Big Data Analytics', 'COLY', 'Ndeye Penda'),
('ET_4329612', ' M1 Robotique', ' OUEDRAOGO', ' Ismael'),
('ET_436893420', ' M1 Calcul Scientifique', ' BADJI', ' Fatima Rassoul'),
('ET_445190', ' M2 Modélisation mathématique analyse et simulation numériques', 'GUISSE', 'Daouda'),
('ET_45419', ' M2 Robotique', 'CISSE', 'Abdoulahi'),
('ET_462001', ' M2 Robotique', 'CORREA', 'Ngirane'),
('ET_463691', ' M2 Robotique', 'FALL', 'Ngirane'),
('ET_467883', ' M2 Intelligence Artificielle', 'DIOKHANE', 'Aphsatou'),
('ET_468746', ' M2 Modélisation mathématique analyse et simulation numériques', 'PALL', 'Katy'),
('ET_47950', ' M2 Robotique', 'DIA', 'Seydou'),
('ET_49623496', ' M1 Intelligence Artificielle', ' DIALLO', ' Awa'),
('ET_4983', ' M2 CyberSécurité', 'KA', 'Roukhya'),
('ET_50351', ' M2 Calcul Scientifique', 'GUISSE', 'Papis'),
('ET_57164', ' M2 Big Data Analytics', 'NDIR', 'Younouss'),
('ET_6123978', ' M1 Intelligence Artificielle', ' DIOUF', ' Ababacar Sadikh'),
('ET_62006', ' M2 Calcul Scientifique', 'CISSE', 'Karim'),
('ET_682123', ' M1 Intelligence Artificielle', ' SALL', ' Bineta'),
('ET_68887', ' M2 Big Data Analytics', 'BOLY', 'Antoinette'),
('ET_70675', ' M2 Intelligence Artificielle', 'DEME', 'Natacha'),
('ET_72511', ' M2 CyberSécurité', 'MBAYE', 'Ngirane'),
('ET_75840', ' M2 Calcul Scientifique', 'TALL', 'Natacha'),
('ET_76994', ' M2 Robotique', 'BATHILY', 'Lissa'),
('ET_782345767', ' M1 Intelligence Artificielle', ' DIOUF', ' Aly'),
('ET_85001', ' M2 Modélisation mathématique analyse et simulation numériques', 'FOFANA', 'Jeanne'),
('ET_87373', ' M2 Big Data Analytics', 'TRAORE', 'Bineta'),
('ET_8946', ' M2 Intelligence Artificielle', 'TRAORE', 'Aminata'),
('ET_903420978', ' M1 Calcul Scientifique', ' DIOUF', ' Maty'),
('ET_9073427', ' M1 Modélisation mathématique analyse et simulation numériques', ' MBOUP', ' Mouhamadou Lamine Bara'),
('ET_92389', ' M1 Big Data Analytics', ' SECK', ' Idrissa'),
('ET_9342890', ' M1 Calcul Scientifique', ' DIAWARA', ' Habibou'),
('ET_978230', ' M1 Intelligence Artificielle', ' CISSE', ' Alioune'),
('ET_98634238', ' M1 Calcul Scientifique', ' MBOUP', ' Salimata');

-- --------------------------------------------------------

--
-- Structure de la table `matiere`
--

CREATE TABLE IF NOT EXISTS `matiere` (
  `codeMat` varchar(200) CHARACTER SET utf8 COLLATE utf8_unicode_ci NOT NULL,
  `Coef` int(50) NOT NULL,
  `Libelle` varchar(200) CHARACTER SET utf8 COLLATE utf8_unicode_ci NOT NULL,
  PRIMARY KEY (`codeMat`)
) ENGINE=InnoDB DEFAULT CHARSET=latin1;

--
-- Contenu de la table `matiere`
--

INSERT INTO `matiere` (`codeMat`, `Coef`, `Libelle`) VALUES
('AA221', 3, ' Data mining / Text Mining / Web Mining '),
('AA222', 1, 'Réseau de Neurones Artificiels et Deep Learning'),
('AA223', 3, 'Projet Machine Learning'),
('ANUM3543', 1, ' Communication de l''entreprise'),
('ANUM4111', 1, ' Théorie des distributions'),
('ANUM4112', 1, ' Espaces de Sobolev'),
('ANUM4121', 1, ' Statistique multivarié'),
('ANUM4122', 1, ' Statistique inférentielle'),
('ANUM4131', 1, ' Méthodes de Petrov- Galerkin'),
('ANUM4132', 1, ' Méthodes des éléments finis'),
('ANUM4133', 1, ' Méthodes spectrales'),
('ANUM414', 1, ' Fiscalité'),
('ANUM5311', 1, ' Analyse asymptotique'),
('ANUM5312', 1, ' Développement asymptotique'),
('ANUM5321', 1, ' Mathématiques financières'),
('ANUM5322 ', 1, 'Econométrie'),
('ANUM5331', 1, ' Sécurité réseau'),
('ANUM5332', 1, '  Cybercriminalité'),
('APA1', 2, ' POO et Python'),
('APA2', 3, ' Programmation fonctionnelle avancée (Scala, MapReduce, Hadoop)'),
('APA3', 1, ' Le Langage R'),
('APA4', 2, ' Algorithmique, graphe et complexité'),
('BDA221', 1, ' Analyse des réseaux sociaux'),
('BDA222', 1, ' Bio-informatique'),
('BDA223', 1, ' Cas d''étude industriel'),
('BDD1', 2, ' UML'),
('BDD2', 2, ' Bases de données relationnelles'),
('CS4111', 1, ' Modélisation (déterministe et stochastique)'),
('CS4112', 1, ' Calcul scientifique'),
('CS4121', 1, ' Algèbre 1'),
('CS4122', 1, ' Analyse 1'),
('CS4131', 1, ' Algorithmique et programmation'),
('CS4132', 1, ' Architecture des ordinateurs'),
('CS4141', 1, ' Collecte de données'),
('CS4142', 1, ' Statistique descriptive'),
('CS4143', 1, ' Statistique Inférentielle I'),
('CS5311', 1, ' Analyse fonctionnelle et applications.Espaces de Sobolev et distributions'),
('CS5312', 1, ' Contrôle des équations différentielles (EDP, EDO) et applications'),
('CS5313', 1, ' Cryptographie'),
('CS5321', 1, ' Statistique multivariée'),
('CS5322', 1, 'Régression linéaires généralisées'),
('CS5323 ', 1, 'Méthodes de Classification'),
('CS5331', 1, ' Calcul parallèle 2'),
('CS5332', 1, ' système d’information et bases de données'),
('CS5341', 1, ' Histoire de l''Afrique 2'),
('CS5342', 1, ' Anglais 2'),
('CS5343', 1, ' Civisme et citoyenneté'),
('CS5344', 1, ' Droit du travail'),
('DC1', 1, ' Ingénierie des connaissances'),
('DC2', 1, ' Formalisation du raisonnement'),
('DM221', 1, ' Big Data Analytics'),
('DM222', 1, ' Protection données'),
('Hum1', 1, ' Anglais'),
('Hum2', 2, ' Technique d''Expression et de Communication / digitale'),
('HUM221', 1, ' Anglais III'),
('Hum222', 1, ' Initiation à la recherche / Veille technologique'),
('HUM223', 1, ' Culture d’entreprise, Entrepreneuriat et innovation'),
('Hum3', 1, ' Leadership et Développement personnel'),
('IA221', 1, ' Robotique'),
('IA222', 1, ' Big Data Analytics'),
('IA223', 1, ' Objets connectés, intelligence ambiante et Intelligence bio-inspirée'),
('IV221', 1, ' Analyse d''Image et Vision par Ordinateur'),
('IV222', 1, ' Projet Image et Vision'),
('M.SIMAC-MIC 4111 ', 1, ' Développement web et mobile'),
('M.SIMAC-MIC 4112 ', 1, ' Sécurité et Administration des BDD'),
('M.SIMAC-MIC 4113 ', 3, ' Sécurité et administration réseaux et systèmes'),
('M.SIMAC-MIC 4121 ', 2, ' Cryptographie (chiffrement, hachage, signature)'),
('M.SIMAC-MIC 4131 ', 2, ' Architecture des processeurs et Circuits intégré'),
('M.SIMAC-MIC 4132 ', 1, ' Systèmes d’exploitation embarqué'),
('M.SIMAC-MIC 4141 ', 1, ' Logique classique et Logique flou'),
('M.SIMAC-MIC 4142 ', 1, ' Introduction à l’intelligence artificielle et Machine Learning'),
('M.SIMAC-MIC 4143 ', 1, ' Méthodes formelles'),
('M.SIMAC-MIC 4151 ', 1, ' Modélisation'),
('M.SIMAC-MIC 4152 ', 1, ' Programmation Orienté Objet'),
('M.SIMAC-MIC 4161 ', 1, ' Langues (Français ou Anglais)'),
('M.SIMAC-MIC 4162 ', 1, ' Leadership'),
('M.SIMAC-MIC 4163 ', 1, ' Développement personnel'),
('M.SIMAC-MIC 5311 ', 1, ' Management de la cybersécurité (Référence : ISO2700X)'),
('M.SIMAC-MIC 5312 ', 1, ' Gouvernance et Management des Systèmes d’Information (Référence : ISO20000, COBIT, ITIL)'),
('M.SIMAC-MIC 5321', 1, ' Analyse et Management des risques (Référence : ISO27005, EBIOS, MEHARI)'),
('M.SIMAC-MIC 5322', 1, ' Gestion des crises et Continuité d’activité (Référence : PCA-PRA)'),
('M.SIMAC-MIC 5323 ', 1, ' Audit informatique (Référence : CISA)'),
('M.SIMAC-MIC 5331 ', 1, ' Crypto monnaies et Blockchain'),
('M.SIMAC-MIC 5332 ', 1, ' Technologie PKI, IBC et Logiciels de cryptographie (Java-crypto, Phyton-crypto)'),
('M.SIMAC-MIC 5343 ', 1, ' Attaque-audit-défense'),
('M.SIMAC-MIC 5361 ', 1, ' Cybercriminalité et Intelligence économique'),
('M.SIMAC-MIC 5372 ', 1, ' Stéganographie / stéganalyse /watermarking'),
('M.SIMAC-MIC 5382 ', 1, ' Sécurité des systèmes embarqués logiciels et matériels 2'),
('MR4111', 3, ' Automatique 1'),
('MR4112', 2, ' Automatisme 1'),
('MR4113', 1, ' Métrologie et capteurs'),
('MR4121', 1, ' Electronique analogique'),
('MR4122', 2, ' Fonctions électroniques'),
('MR4131', 1, ' Traitement des signaux analogiques'),
('MR4132', 1, ' Traitement des signaux numériques'),
('MR4141', 1, ' Réseaux IP'),
('MR4142', 1, ' Transmission numérique'),
('MR4151', 1, ' Concepts de l’IA et Agents intelligents'),
('MR4152', 1, ' Représentation des connaissances et recherche dans un espace d’état /Planification'),
('MR4161', 1, ' Leadership / Développement personnel'),
('MR4162', 2, ' Services à la communauté'),
('MR5311', 1, ' Introduction à la robotique industrielle moderne'),
('MR5313', 1, ' Robotic Process Automation (RPA)'),
('MR5314', 1, ' Robotique de précision'),
('MR5321', 1, '  Biomimétisme et robotique'),
('MR5322', 2, '  Projet Robotique autonome'),
('MR5331', 2, '  Biomimétisme et robotique'),
('MR5332 ', 2, ' Projet Robotique autonome'),
('MR5333', 1, ' Systèmes robotiques autonomes'),
('MR5343', 1, ' Dimensionnement des systèmes mécaniques'),
('MR5361', 1, ' Dimensionnement des systèmes mécaniques'),
('MR5371', 1, ' Créativité et design thinking'),
('MR5373', 1, ' Management (projet, innovation)'),
('OMS1', 1, ' Optimisation continue '),
('OMS2', 1, ' Calcul matriciel numérique'),
('OMS3', 1, ' Probabilités et Statistiques'),
('SIMAC-MIC 4122 ', 1, ' Mathématiques discrètes'),
('TAL1', 1, ' Syntaxe'),
('TAL2', 1, ' Sémantique'),
('TAL31', 3, ' Environnements informatiques pour l’Apprentissage'),
('TAL32', 2, ' Fouille d''opinions et analyse des sentiments'),
('TAL33', 1, ' Projet TAL');

-- --------------------------------------------------------

--
-- Structure de la table `notesetudiants`
--

CREATE TABLE IF NOT EXISTS `notesetudiants` (
  `codeMat` varchar(200) CHARACTER SET utf8 COLLATE utf8_unicode_ci NOT NULL,
  `devoir1` int(50) NOT NULL,
  `devoir2` int(50) NOT NULL,
  `exam` int(20) NOT NULL,
  `id` int(50) NOT NULL,
  `idEtu` varchar(100) CHARACTER SET utf8 COLLATE utf8_unicode_ci NOT NULL,
  PRIMARY KEY (`id`)
) ENGINE=InnoDB DEFAULT CHARSET=latin1;

--
-- Contenu de la table `notesetudiants`
--

INSERT INTO `notesetudiants` (`codeMat`, `devoir1`, `devoir2`, `exam`, `id`, `idEtu`) VALUES
('OMS1', 18, 14, 17, 1, ' ET_978230'),
('OMS2', 18, 15, 11, 2, ' ET_978230'),
('OMS3', 14, 10, 17, 3, ' ET_978230'),
('TAL2', 20, 12, 13, 4, ' ET_978230'),
('TAL1', 19, 14, 16, 5, ' ET_978230'),
('APA1', 9, 7, 13, 6, ' ET_978230'),
('APA2', 16, 16, 17, 7, ' ET_978230'),
('APA3', 12, 14, 19, 8, ' ET_978230'),
('APA4', 15, 17, 15, 9, ' ET_978230'),
('DC1', 11, 10, 14, 10, ' ET_978230'),
('DC2', 16, 14, 16, 11, ' ET_978230'),
('Hum1', 11, 11, 11, 12, ' ET_978230'),
('Hum2', 10, 13, 11, 13, ' ET_978230'),
('Hum3', 13, 15, 17, 14, ' ET_978230'),
('DC1', 15, 13, 15, 20, ' ET_348558'),
('DC2', 16, 14, 16, 21, ' ET_348558'),
('Hum1', 16, 15, 19, 22, ' ET_348558'),
('Hum2', 15, 13, 11, 23, ' ET_348558'),
('Hum3', 13, 15, 17, 24, ' ET_348558'),
('TAL1', 19, 14, 11, 25, ' ET_348558'),
('APA1', 18, 15, 13, 26, ' ET_348558'),
('APA2', 14, 16, 12, 27, ' ET_348558'),
('APA3', 14, 16, 17, 28, ' ET_348558'),
('APA4', 15, 17, 19, 29, ' ET_348558'),
('BDD1', 18, 15, 15, 30, ' ET_123656'),
('OMS1', 18, 14, 17, 31, ' ET_123656'),
('OMS2', 18, 15, 11, 32, ' ET_123656'),
('OMS3', 14, 10, 17, 33, ' ET_123656'),
('APA1', 9, 7, 13, 36, ' ET_123656'),
('APA2', 16, 16, 17, 37, ' ET_123656'),
('APA3', 12, 14, 19, 38, ' ET_123656'),
('APA4', 15, 17, 15, 39, ' ET_123656'),
('OMS1', 12, 11, 14, 210, ' ET_348558'),
('OMS2', 14, 15, 12, 222, ' ET_348558'),
('OMS3', 15, 10, 14, 232, ' ET_348558'),
('TAL2', 9, 12, 18, 241, ' ET_348558'),
('BDD2', 17, 9, 11, 311, ' ET_123656'),
('Hum1', 11, 11, 11, 322, ' ET_123656'),
('Hum2', 10, 13, 11, 323, ' ET_123656'),
('Hum3', 13, 15, 17, 341, ' ET_123656'),
('MR4152', 16, 11, 7, 32206, 'ET_32468989'),
('TAL2', 17, 7, 11, 34926, 'ET_01237293'),
('M.SIMAC-MIC 5343', 13, 2, 17, 43652, 'ET_212148'),
('ANUM5322', 1, 6, 7, 44454, 'ET_338547'),
('ANUM3543', 19, 10, 17, 63011, 'ET_32098732'),
('TAL2', 19, 7, 6, 67979, 'ET_12531275'),
('IV221', 0, 3, 18, 72829, 'ET_76994'),
('MR4132', 9, 15, 19, 82396, 'ET_32468989'),
('CS4131', 1, 12, 8, 86939, 'ET_203420'),
('IA223', 7, 12, 2, 94030, 'ET_263750'),
('IA222', 1, 4, 3, 107209, 'ET_302672'),
('CS4121', 11, 9, 15, 115029, 'ET_3487129'),
('AA221', 0, 8, 19, 117759, 'ET_57164'),
('AA222', 7, 2, 8, 120013, 'ET_266652'),
('BDD1', 10, 14, 7, 123956, 'ET_234897'),
('ANUM5332', 18, 12, 2, 131306, 'ET_175644'),
('TAL33', 15, 9, 7, 137675, 'ET_47950'),
('IA222', 3, 0, 11, 150471, 'ET_47950'),
('CS5312', 6, 5, 13, 155210, 'ET_50351'),
('IA223', 15, 6, 19, 158646, 'ET_405682'),
('Hum2', 16, 7, 16, 160007, 'ET_92389'),
('DC1', 13, 11, 9, 162730, 'ET_782345767'),
('MR4151', 18, 10, 17, 171151, 'ET_2398723'),
('IA221', 14, 5, 2, 171502, 'ET_331883'),
('BDA222', 18, 8, 18, 177219, 'ET_87373'),
('M.SIMAC-MIC 4161', 7, 19, 11, 194693, 'ET_092368'),
('TAL33', 13, 0, 10, 197453, 'ET_359609'),
('CS4141', 17, 4, 4, 201924, 'ET_34790234'),
('CS5312', 13, 0, 10, 212662, 'ET_162830'),
('CS5321', 7, 3, 9, 217719, 'ET_340384'),
('CS4121', 16, 19, 7, 220067, 'ET_436893420'),
('AA223', 9, 1, 0, 225818, 'ET_267932'),
('M.SIMAC-MIC 4162', 13, 7, 18, 232252, 'ET_26923496'),
('IV221', 2, 3, 10, 239155, 'ET_70675'),
('TAL2', 8, 12, 10, 246430, 'ET_23486986'),
('AA223', 8, 14, 12, 246691, 'ET_39695'),
('MR4113', 12, 16, 10, 256408, 'ET_2398723'),
('TAL33', 15, 9, 15, 257274, 'ET_223677'),
('IA223', 10, 13, 14, 258962, 'ET_302672'),
('OMS3', 9, 10, 19, 260160, 'ET_12767'),
('CS5341', 3, 8, 9, 262349, 'ET_340384'),
('BDD1', 18, 19, 6, 262999, 'ET_32968761'),
('M.SIMAC-MIC 4121', 13, 14, 9, 264295, 'ET_234980'),
('APA2', 13, 17, 14, 265984, 'ET_23498443'),
('IV222', 16, 0, 0, 272916, 'ET_405682'),
('TAL31', 14, 19, 17, 280140, 'ET_331883'),
('CS5322', 15, 1, 14, 288855, 'ET_35395'),
('M.SIMAC-MIC 5311', 15, 16, 6, 289946, 'ET_162085'),
('ANUM4111', 16, 12, 11, 293634, 'ET_329702347'),
('ANUM3543', 18, 10, 16, 296255, 'ET_219692836'),
('MR4112', 19, 9, 19, 302887, 'ET_239812318'),
('HUM221', 5, 4, 11, 304483, 'ET_47950'),
('OMS2', 12, 9, 11, 304599, 'ET_2375823'),
('ANUM414', 12, 12, 10, 308819, 'ET_09398621'),
('M.SIMAC-MIC 4113', 14, 19, 16, 328180, 'ET_239698346'),
('TAL32', 9, 6, 14, 331560, 'ET_76994'),
('M.SIMAC-MIC 5312', 11, 18, 14, 336044, 'ET_217217'),
('BDA223', 1, 5, 13, 342309, 'ET_15829'),
('IA223', 13, 12, 14, 353101, 'ET_395142'),
('M.SIMAC-MIC 4121', 8, 15, 8, 355114, 'ET_26923496'),
('HUM221', 15, 10, 13, 358779, 'ET_405682'),
('CS5343', 19, 16, 9, 359573, 'ET_357959'),
('ANUM4112', 7, 6, 9, 363697, 'ET_32098732'),
('CS5311', 4, 7, 11, 366801, 'ET_213658'),
('OMS3', 7, 17, 11, 366854, 'ET_23498443'),
('M.SIMAC-MIC 4112', 6, 19, 13, 368896, 'ET_2892385'),
('AA221', 17, 0, 13, 372611, 'ET_427005'),
('IV222', 14, 0, 19, 392097, 'ET_331883'),
('ANUM4111', 18, 7, 12, 396216, 'ET_219692836'),
('CS5341', 12, 0, 18, 400884, 'ET_50351'),
('M.SIMAC-MIC 4163', 17, 12, 14, 403614, 'ET_23468210'),
('IV222', 11, 15, 14, 404818, 'ET_351672'),
('BDD2', 8, 17, 6, 409111, 'ET_23968'),
('MR4121', 11, 12, 6, 414500, 'ET_24906234'),
('HUM221', 12, 4, 9, 417670, 'ET_359338'),
('IA221', 3, 16, 12, 424541, 'ET_115454'),
('HUM223', 6, 2, 1, 429058, 'ET_34224'),
('HUM223', 5, 1, 12, 433022, 'ET_115454'),
('APA3', 17, 14, 9, 433958, 'ET_234897'),
('BDA221', 17, 13, 19, 436546, 'ET_57164'),
('BDD1', 15, 11, 6, 436909, 'ET_2375823'),
('Hum222', 5, 0, 15, 440918, 'ET_287917'),
('M.SIMAC-MIC 5322', 8, 16, 15, 443627, 'ET_255239'),
('IA223', 6, 16, 10, 445957, 'ET_340574'),
('BDA222', 17, 1, 13, 446860, 'ET_68887'),
('DM222', 18, 15, 11, 456794, 'ET_266652'),
('M.SIMAC-MIC 4113', 15, 6, 13, 462043, 'ET_2892385'),
('M.SIMAC-MIC 5332', 13, 3, 15, 469450, 'ET_162085'),
('APA1', 10, 9, 10, 474733, 'ET_782345767'),
('BDA222', 3, 13, 6, 475960, 'ET_37644'),
('IV222', 4, 6, 7, 481823, 'ET_76994'),
('AA222', 9, 6, 8, 483960, 'ET_31361'),
('MR4111', 19, 13, 10, 495690, 'ET_032023'),
('M.SIMAC-MIC 5372', 15, 15, 2, 498665, 'ET_273976'),
('M.SIMAC-MIC 5332', 1, 7, 14, 503896, 'ET_133956'),
('AA223', 16, 16, 2, 504010, 'ET_34224'),
('IA223', 18, 4, 8, 507143, 'ET_198393'),
('AA222', 14, 18, 11, 513400, 'ET_70675'),
('Hum222', 15, 9, 17, 515062, 'ET_467883'),
('M.SIMAC-MIC 4161', 19, 16, 12, 522826, 'ET_1312123'),
('OMS3', 15, 7, 12, 533375, 'ET_782345767'),
('CS5332', 0, 18, 5, 537195, 'ET_62006'),
('TAL32', 10, 9, 1, 549584, 'ET_334950'),
('IA222', 3, 16, 5, 549996, 'ET_413938'),
('CS4142', 9, 5, 6, 564803, 'ET_436893420'),
('CS4143', 1, 13, 2, 569254, 'ET_340972'),
('BDA223', 12, 2, 1, 576993, 'ET_68887'),
('TAL33', 17, 19, 8, 579621, 'ET_198393'),
('M.SIMAC-MIC 4112', 13, 12, 19, 584682, 'ET_1312123'),
('OMS2', 13, 7, 13, 585580, 'ET_238523'),
('CS4111', 18, 7, 13, 594301, 'ET_23043098'),
('CS4112', 10, 5, 8, 600630, 'ET_3969032'),
('HUM221', 4, 18, 16, 614180, 'ET_45419'),
('APA3', 7, 7, 19, 615691, 'ET_6123978'),
('MR4113', 10, 15, 10, 616207, 'ET_239234'),
('MR4151', 15, 18, 18, 624066, 'ET_32468989'),
('CS5322', 16, 14, 1, 631605, 'ET_62006'),
('OMS3', 17, 9, 17, 649935, 'ET_23968'),
('M.SIMAC-MIC 5311', 17, 13, 0, 659053, 'ET_208402'),
('MR4121', 19, 7, 13, 670954, 'ET_2398723'),
('BDA223', 7, 14, 5, 672634, 'ET_34224'),
('Hum222', 14, 1, 15, 676737, 'ET_263750'),
('ANUM5321', 16, 6, 19, 690985, 'ET_124586'),
('TAL31', 10, 5, 9, 697946, 'ET_240076'),
('CS5322', 15, 19, 10, 700390, 'ET_323551'),
('DM221', 11, 16, 3, 705248, 'ET_212585'),
('M.SIMAC-MIC 4141', 13, 7, 12, 705718, 'ET_234980'),
('ANUM5312', 12, 17, 7, 711868, 'ET_138980'),
('ANUM4131', 10, 14, 9, 723596, 'ET_329860'),
('MR4131', 19, 9, 17, 726705, 'ET_032023'),
('M.SIMAC-MIC 4132', 12, 16, 19, 731564, 'ET_239698346'),
('CS4132', 18, 16, 4, 748797, 'ET_340972'),
('M.SIMAC-MIC 5332', 5, 10, 3, 754638, 'ET_189849'),
('BDA222', 7, 12, 14, 757052, 'ET_212585'),
('M.SIMAC-MIC 5312', 0, 8, 12, 762393, 'ET_255239'),
('APA2', 6, 13, 19, 767599, 'ET_23486986'),
('TAL1', 16, 12, 12, 768903, 'ET_49623496'),
('TAL33', 6, 9, 13, 769667, 'ET_240076'),
('OMS1', 12, 6, 10, 774936, 'ET_23575812'),
('HUM223', 0, 8, 19, 777028, 'ET_351672'),
('TAL31', 9, 12, 1, 781708, 'ET_413938'),
('IA222', 0, 10, 3, 787758, 'ET_76994'),
('APA1', 10, 13, 12, 791092, 'ET_6123978'),
('ANUM4121', 7, 17, 8, 798050, 'ET_219692836'),
('CS4132', 12, 13, 16, 798858, 'ET_3280932'),
('MR4131', 12, 7, 11, 802721, 'ET_239234'),
('Hum222', 16, 18, 8, 811560, 'ET_359338'),
('MR4112', 12, 7, 11, 824760, 'ET_239234'),
('Hum1', 9, 15, 12, 827215, 'ET_49623496'),
('M.SIMAC-MIC 4113', 18, 18, 6, 840552, 'ET_1312123'),
('ANUM5331', 1, 18, 19, 848167, 'ET_129198'),
('ANUM5332', 17, 2, 11, 851428, 'ET_124586'),
('M.SIMAC-MIC 5331', 14, 10, 15, 852699, 'ET_331078'),
('TAL33', 13, 5, 13, 858487, 'ET_263750'),
('APA1', 8, 15, 8, 860607, 'ET_123723'),
('APA3', 15, 10, 7, 861157, 'ET_238523'),
('AA222', 18, 16, 15, 863502, 'ET_427005'),
('M.SIMAC-MIC 4163', 10, 17, 11, 876850, 'ET_092368'),
('BDA223', 3, 8, 15, 886975, 'ET_87373'),
('BDD2', 6, 17, 12, 896497, 'ET_238523'),
('ANUM3543', 6, 19, 19, 898300, 'ET_445190'),
('CS5322', 5, 2, 0, 902427, 'ET_211627'),
('CS5331', 7, 11, 1, 908690, 'ET_62006'),
('DM222', 10, 5, 18, 911764, 'ET_34224'),
('CS5323', 15, 6, 10, 915579, 'ET_162830'),
('ANUM4132', 13, 13, 18, 921612, 'ET_9073427'),
('M.SIMAC-MIC 4113', 15, 17, 18, 927464, 'ET_23834091'),
('APA1', 19, 9, 18, 928703, 'ET_23486986'),
('ANUM5322', 2, 6, 1, 934302, 'ET_378142'),
('APA3', 18, 19, 18, 934428, 'ET_23575812'),
('CS5331', 6, 5, 10, 936719, 'ET_75840'),
('MR4111', 12, 11, 17, 939323, 'ET_23934987'),
('ANUM4122', 7, 11, 18, 945434, 'ET_2378543'),
('DC2', 10, 13, 14, 947851, 'ET_6123978'),
('AA223', 8, 11, 14, 953030, 'ET_359338'),
('M.SIMAC-MIC 4121', 12, 17, 15, 958913, 'ET_092368'),
('ANUM5312', 12, 9, 0, 959174, 'ET_111445'),
('DM221', 6, 13, 18, 962481, 'ET_39695'),
('ANUM4111', 15, 10, 7, 967774, 'ET_3298348902'),
('CS5321', 16, 19, 19, 968024, 'ET_62006'),
('M.SIMAC-MIC 4152', 19, 7, 13, 972248, 'ET_23834091'),
('ANUM414', 7, 10, 19, 972785, 'ET_23986234'),
('ANUM5331', 1, 9, 1, 974824, 'ET_124586'),
('Hum3', 11, 6, 10, 978914, 'ET_123723'),
('TAL1', 9, 11, 13, 981374, 'ET_6123978'),
('ANUM414', 14, 12, 12, 994333, 'ET_2378543'),
('AA222', 9, 18, 0, 996436, 'ET_57164'),
('M.SIMAC-MIC 5322', 16, 0, 17, 1003178, 'ET_307798'),
('M.SIMAC-MIC 5331', 6, 8, 17, 1005234, 'ET_162085'),
('DC2', 19, 9, 16, 1006056, 'ET_218961236'),
('M.SIMAC-MIC 5361', 16, 14, 14, 1006460, 'ET_72511'),
('AA222', 7, 8, 8, 1009820, 'ET_151098'),
('CS5344', 9, 0, 1, 1020141, 'ET_37784'),
('MR4132', 9, 11, 12, 1021700, 'ET_2385812'),
('ANUM4122', 15, 14, 17, 1026749, 'ET_23986234'),
('MR4121', 19, 19, 8, 1027074, 'ET_239812318'),
('IV221', 16, 6, 2, 1054613, 'ET_324189'),
('TAL32', 15, 12, 10, 1056697, 'ET_413938'),
('M.SIMAC-MIC 5332', 19, 12, 4, 1068796, 'ET_307798'),
('AA223', 5, 9, 13, 1072458, 'ET_302672'),
('M.SIMAC-MIC 4113', 19, 12, 12, 1073498, 'ET_234980'),
('ANUM4121', 11, 14, 11, 1074218, 'ET_329702347'),
('ANUM5322', 15, 5, 17, 1085365, 'ET_230999'),
('AA223', 15, 12, 19, 1087337, 'ET_463691'),
('OMS3', 13, 19, 10, 1087976, 'ET_23575812'),
('CS4122', 14, 3, 5, 1088239, 'ET_23186092'),
('TAL1', 12, 9, 16, 1092984, 'ET_01237293'),
('ANUM4133', 18, 7, 17, 1094389, 'ET_13246289'),
('M.SIMAC-MIC 4113', 17, 9, 10, 1100947, 'ET_3248581'),
('AA222', 3, 9, 4, 1102073, 'ET_467883'),
('IA222', 18, 0, 2, 1109631, 'ET_334950'),
('CS4112', 5, 14, 14, 1109811, 'ET_3487129'),
('CS4131', 18, 7, 3, 1121615, 'ET_3280932'),
('BDA223', 4, 18, 10, 1123982, 'ET_267932'),
('CS5332', 13, 8, 10, 1131978, 'ET_35395'),
('ANUM4122', 15, 18, 17, 1131986, 'ET_1298039'),
('M.SIMAC-MIC 5372', 8, 7, 1, 1133583, 'ET_217217'),
('MR4142', 19, 6, 9, 1134014, 'ET_4329612'),
('AA223', 10, 11, 13, 1141229, 'ET_344261'),
('TAL2', 13, 10, 6, 1143800, 'ET_23498443'),
('CS4142', 9, 7, 0, 1155032, 'ET_2396893089'),
('APA3', 13, 11, 8, 1164861, 'ET_23968'),
('ANUM4121', 10, 16, 17, 1168766, 'ET_23986234'),
('MR4141', 13, 10, 14, 1179974, 'ET_32468989'),
('M.SIMAC-MIC 4131', 11, 9, 12, 1180323, 'ET_23834091'),
('M.SIMAC-MIC 4112', 7, 9, 7, 1181614, 'ET_239698346'),
('HUM223', 1, 9, 1, 1184860, 'ET_76994'),
('M.SIMAC-MIC 4111', 8, 17, 9, 1191942, 'ET_1312123'),
('IA223', 7, 11, 0, 1194594, 'ET_270003'),
('ANUM4122', 11, 13, 10, 1202317, 'ET_09398621'),
('HUM223', 10, 0, 16, 1203129, 'ET_413938'),
('APA1', 14, 13, 13, 1203607, 'ET_23498443'),
('AA222', 11, 12, 11, 1203693, 'ET_302672'),
('BDA223', 3, 5, 2, 1204286, 'ET_266652'),
('M.SIMAC-MIC 5323', 3, 9, 12, 1210236, 'ET_307798'),
('MR4152', 8, 17, 18, 1216048, 'ET_2398723'),
('DM222', 15, 1, 14, 1221591, 'ET_344261'),
('IV222', 1, 10, 16, 1225751, 'ET_45419'),
('OMS2', 15, 18, 17, 1230211, 'ET_23575812'),
('AA223', 15, 9, 2, 1232472, 'ET_76994'),
('ANUM5332', 8, 3, 5, 1234882, 'ET_188179'),
('IA222', 16, 1, 14, 1234905, 'ET_270003'),
('Hum1', 9, 13, 14, 1236847, 'ET_123723'),
('ANUM5321', 11, 5, 5, 1244229, 'ET_129198'),
('MR4162', 13, 16, 15, 1245767, 'ET_2385812'),
('IA221', 15, 11, 16, 1248535, 'ET_302672'),
('Hum222', 18, 1, 16, 1256682, 'ET_413938'),
('TAL1', 15, 11, 11, 1260690, 'ET_123723'),
('M.SIMAC-MIC 5321', 15, 0, 14, 1261795, 'ET_4983'),
('AA221', 7, 14, 18, 1266595, 'ET_240076'),
('CS5341', 8, 9, 16, 1267142, 'ET_75840'),
('ANUM5311', 2, 16, 1, 1270658, 'ET_175644'),
('BDA222', 10, 12, 13, 1274001, 'ET_31361'),
('MR4132', 7, 18, 6, 1276506, 'ET_2398723'),
('M.SIMAC-MIC 5382', 6, 13, 2, 1280212, 'ET_168286'),
('HUM221', 17, 7, 1, 1280706, 'ET_87373'),
('M.SIMAC-MIC 5323', 19, 0, 7, 1284356, 'ET_381340'),
('APA4', 16, 14, 12, 1289612, 'ET_782345767'),
('M.SIMAC-MIC 5331', 15, 15, 6, 1300944, 'ET_168286'),
('MR4121', 16, 9, 18, 1302215, 'ET_032023'),
('TAL1', 6, 18, 8, 1302404, 'ET_218961236'),
('CS5331', 3, 18, 14, 1318330, 'ET_357959'),
('MR4131', 16, 12, 17, 1318557, 'ET_23934987'),
('CS4122', 14, 12, 12, 1323385, 'ET_34790234'),
('BDA222', 17, 11, 19, 1338030, 'ET_57164'),
('ANUM5311', 19, 2, 2, 1340232, 'ET_445190'),
('BDA221', 16, 8, 13, 1345446, 'ET_39695'),
('M.SIMAC-MIC 5323', 11, 14, 9, 1350175, 'ET_168286'),
('HUM223', 3, 4, 12, 1350249, 'ET_275357'),
('M.SIMAC-MIC 5322', 15, 4, 14, 1351621, 'ET_331078'),
('DC1', 13, 18, 6, 1353326, 'ET_01237293'),
('ANUM5321', 4, 8, 9, 1355611, 'ET_338547'),
('MR4141', 8, 15, 12, 1358980, 'ET_239812318'),
('ANUM5331', 12, 8, 14, 1366370, 'ET_338547'),
('M.SIMAC-MIC 4151', 17, 9, 17, 1376082, 'ET_23834091'),
('CS5312', 4, 3, 5, 1382906, 'ET_30158'),
('ANUM4111', 9, 7, 19, 1384084, 'ET_09398621'),
('ANUM5322', 14, 1, 7, 1384126, 'ET_234351'),
('CS5322', 13, 8, 4, 1386710, 'ET_357959'),
('ANUM3543', 18, 12, 11, 1387200, 'ET_1298039'),
('IV221', 18, 14, 4, 1392405, 'ET_274243'),
('AA223', 15, 11, 17, 1393135, 'ET_467883'),
('CS4131', 4, 10, 17, 1394216, 'ET_23043098'),
('IA221', 17, 2, 12, 1394626, 'ET_334950'),
('AA222', 16, 7, 5, 1411629, 'ET_270003'),
('TAL1', 6, 18, 12, 1412542, 'ET_21389231'),
('HUM223', 6, 5, 11, 1422456, 'ET_359609'),
('ANUM4133', 17, 7, 6, 1426078, 'ET_2378543'),
('IV221', 13, 17, 16, 1433794, 'ET_45419'),
('TAL33', 8, 17, 10, 1435361, 'ET_45419'),
('BDA221', 5, 5, 14, 1444225, 'ET_34224'),
('CS5344', 13, 2, 14, 1446205, 'ET_162830'),
('ANUM414', 2, 11, 2, 1449452, 'ET_111445'),
('CS4132', 2, 6, 6, 1450097, 'ET_9342890'),
('CS5312', 2, 0, 16, 1453222, 'ET_62006'),
('ANUM5331', 11, 4, 16, 1454552, 'ET_230999'),
('M.SIMAC-MIC 5331', 1, 3, 12, 1457776, 'ET_208402'),
('OMS1', 12, 13, 13, 1458109, 'ET_2375823'),
('HUM221', 9, 7, 12, 1458912, 'ET_8946'),
('IA222', 15, 10, 7, 1467779, 'ET_70675'),
('CS5322', 18, 3, 18, 1470377, 'ET_75840'),
('CS5323', 7, 14, 10, 1472226, 'ET_35395'),
('OMS2', 7, 11, 19, 1477937, 'ET_23853823'),
('ANUM5332', 12, 14, 4, 1483527, 'ET_403348'),
('Hum222', 8, 7, 7, 1487957, 'ET_324189'),
('AA222', 7, 2, 18, 1490116, 'ET_395142'),
('Hum1', 17, 6, 19, 1495929, 'ET_23853823'),
('Hum3', 6, 19, 19, 1496746, 'ET_238523'),
('TAL33', 2, 15, 0, 1505201, 'ET_275357'),
('M.SIMAC-MIC 4151', 9, 8, 14, 1511383, 'ET_092368'),
('M.SIMAC-MIC 5361', 0, 1, 12, 1518567, 'ET_212148'),
('ANUM5322', 5, 0, 3, 1518683, 'ET_138980'),
('CS5311', 16, 10, 8, 1520268, 'ET_357959'),
('MR4152', 8, 19, 17, 1527949, 'ET_312983127'),
('ANUM5322', 16, 1, 11, 1528748, 'ET_250047'),
('MR4151', 16, 18, 14, 1538281, 'ET_239234'),
('IV221', 0, 7, 6, 1538630, 'ET_331883'),
('MR4113', 7, 13, 16, 1541562, 'ET_123896142'),
('MR4121', 6, 16, 12, 1559096, 'ET_23934987'),
('CS5341', 17, 6, 11, 1559679, 'ET_357959'),
('AA223', 14, 16, 8, 1562032, 'ET_45419'),
('IA221', 1, 11, 14, 1566745, 'ET_47950'),
('MR4132', 9, 13, 14, 1584806, 'ET_239812318'),
('ANUM5332', 4, 2, 13, 1607660, 'ET_468746'),
('ANUM4122', 12, 17, 12, 1623169, 'ET_13246289'),
('AA222', 15, 17, 3, 1626764, 'ET_324189'),
('APA2', 13, 11, 9, 1631400, 'ET_12767'),
('IA222', 1, 5, 3, 1637322, 'ET_340574'),
('CS5332', 14, 11, 9, 1651353, 'ET_323551'),
('HUM223', 5, 12, 5, 1656835, 'ET_70675'),
('CS5323', 8, 18, 16, 1661564, 'ET_10894'),
('CS5321', 10, 5, 16, 1663004, 'ET_50351'),
('M.SIMAC-MIC 5312', 15, 2, 12, 1679534, 'ET_208402'),
('CS5331', 16, 13, 13, 1684563, 'ET_162830'),
('OMS3', 6, 12, 11, 1687313, 'ET_92389'),
('CS4141', 3, 10, 9, 1688160, 'ET_3280932'),
('APA4', 13, 12, 7, 1703486, 'ET_92389'),
('IV221', 19, 6, 8, 1714171, 'ET_302672'),
('APA4', 12, 16, 8, 1715850, 'ET_234897'),
('M.SIMAC-MIC 4131', 14, 10, 16, 1730352, 'ET_239698346'),
('Hum3', 11, 9, 19, 1741744, 'ET_32968761'),
('MR4151', 14, 18, 7, 1747127, 'ET_032023'),
('TAL33', 17, 9, 6, 1755669, 'ET_359338'),
('CS5343', 18, 0, 18, 1759536, 'ET_50351'),
('CS5321', 4, 0, 3, 1761133, 'ET_406422'),
('OMS1', 17, 8, 10, 1766657, 'ET_23968'),
('CS5313', 9, 0, 13, 1769287, 'ET_37784'),
('IA223', 9, 8, 15, 1773488, 'ET_334950'),
('BDA221', 8, 7, 3, 1777223, 'ET_31361'),
('DC1', 17, 7, 14, 1786181, 'ET_218961236'),
('IA221', 2, 14, 1, 1789274, 'ET_405682'),
('M.SIMAC-MIC 4152', 7, 12, 19, 1789934, 'ET_092368'),
('TAL32', 4, 2, 16, 1802583, 'ET_8946'),
('CS5312', 13, 15, 13, 1805926, 'ET_10894'),
('CS5343', 13, 18, 5, 1807516, 'ET_340384'),
('CS4132', 7, 7, 3, 1808510, 'ET_903420978'),
('MR4111', 18, 10, 13, 1813456, 'ET_312983127'),
('ANUM4111', 14, 11, 18, 1814500, 'ET_3269082'),
('APA4', 7, 7, 6, 1819745, 'ET_23853823'),
('M.SIMAC-MIC 4152', 18, 11, 12, 1826593, 'ET_26923496'),
('Hum222', 19, 4, 7, 1835141, 'ET_462001'),
('ANUM4112', 17, 16, 19, 1835307, 'ET_1298039'),
('CS5313', 1, 0, 1, 1846362, 'ET_213658'),
('M.SIMAC-MIC 5323', 14, 7, 9, 1853954, 'ET_255239'),
('TAL2', 15, 10, 16, 1866266, 'ET_682123'),
('AA223', 17, 11, 16, 1872349, 'ET_57164'),
('MR4152', 11, 14, 6, 1877600, 'ET_123896142'),
('M.SIMAC-MIC 4121', 6, 7, 18, 1878773, 'ET_2892385'),
('MR4131', 9, 15, 6, 1880131, 'ET_239812318'),
('DM221', 0, 15, 17, 1882209, 'ET_151098'),
('M.SIMAC-MIC 5343', 5, 14, 0, 1882327, 'ET_331078'),
('OMS1', 9, 8, 10, 1884171, 'ET_234897'),
('AA221', 8, 15, 6, 1886287, 'ET_8946'),
('CS4111', 5, 16, 5, 1897682, 'ET_340972'),
('IA222', 2, 13, 9, 1900324, 'ET_395142'),
('CS4142', 6, 2, 15, 1900531, 'ET_9342890'),
('ANUM4121', 16, 19, 16, 1911237, 'ET_329860'),
('AA222', 10, 11, 9, 1913640, 'ET_34224'),
('CS4121', 16, 4, 7, 1926401, 'ET_3280932'),
('IA223', 13, 5, 4, 1947395, 'ET_274243'),
('M.SIMAC-MIC 5312', 11, 13, 1, 1950618, 'ET_307798'),
('M.SIMAC-MIC 5331', 0, 19, 4, 1975582, 'ET_133956'),
('CS5344', 4, 7, 5, 1978113, 'ET_62006'),
('IV222', 4, 6, 2, 1979812, 'ET_214080'),
('BDA223', 11, 9, 6, 1984625, 'ET_427005'),
('CS4143', 4, 9, 17, 1987729, 'ET_3280932'),
('CS5343', 6, 16, 1, 1989885, 'ET_62006'),
('APA2', 19, 6, 10, 1993255, 'ET_123723'),
('OMS1', 7, 6, 15, 2001845, 'ET_23158213'),
('AA223', 13, 5, 10, 2010650, 'ET_8946'),
('ANUM5321', 3, 1, 7, 2023618, 'ET_138980'),
('M.SIMAC-MIC 5312', 11, 2, 10, 2037518, 'ET_162085'),
('MR4141', 7, 17, 11, 2039983, 'ET_23872349'),
('TAL33', 16, 18, 0, 2047515, 'ET_70675'),
('TAL2', 15, 8, 11, 2053547, 'ET_23575812'),
('Hum222', 16, 14, 0, 2064183, 'ET_8946'),
('CS4111', 7, 2, 7, 2064348, 'ET_9342890'),
('CS4141', 18, 15, 18, 2064532, 'ET_98634238'),
('M.SIMAC-MIC 5312', 18, 14, 6, 2065904, 'ET_133956'),
('CS4142', 3, 9, 2, 2067962, 'ET_3280932'),
('AA222', 15, 4, 0, 2070173, 'ET_405682'),
('ANUM5331', 18, 8, 10, 2076530, 'ET_85001'),
('CS4122', 5, 9, 4, 2077550, 'ET_203420'),
('IA223', 14, 14, 19, 2082682, 'ET_413938'),
('AA223', 14, 4, 8, 2086072, 'ET_115454'),
('CS5343', 8, 13, 19, 2089116, 'ET_30158'),
('IA223', 12, 0, 1, 2089242, 'ET_463691'),
('ANUM5331', 6, 14, 4, 2089761, 'ET_175644'),
('M.SIMAC-MIC 5343', 5, 1, 15, 2094326, 'ET_208402'),
('HUM221', 18, 6, 6, 2094516, 'ET_340574'),
('MR4113', 10, 12, 15, 2097763, 'ET_23872349'),
('M.SIMAC-MIC 5382', 8, 18, 11, 2103617, 'ET_208402'),
('DC1', 19, 8, 9, 2110362, 'ET_123723'),
('CS4143', 17, 18, 11, 2114684, 'ET_2396893089'),
('M.SIMAC-MIC 5372', 3, 18, 19, 2117135, 'ET_133956'),
('M.SIMAC-MIC 5321', 12, 18, 13, 2117749, 'ET_307798'),
('M.SIMAC-MIC 5361', 12, 9, 3, 2131568, 'ET_208402'),
('CS4132', 7, 0, 2, 2134321, 'ET_203420'),
('ANUM4122', 10, 8, 18, 2138397, 'ET_32098732'),
('CS5342', 19, 3, 11, 2147175, 'ET_213658'),
('ANUM5311', 5, 16, 12, 2147204, 'ET_234351'),
('ANUM5332', 2, 0, 12, 2162308, 'ET_85001'),
('ANUM3543', 12, 4, 10, 2169385, 'ET_230999'),
('CS4143', 10, 3, 18, 2175729, 'ET_436893420'),
('ANUM4111', 17, 12, 12, 2186026, 'ET_2378543'),
('M.SIMAC-MIC 5343', 6, 13, 19, 2192101, 'ET_384166'),
('Hum2', 9, 11, 19, 2199712, 'ET_12531275'),
('AA221', 1, 12, 0, 2207067, 'ET_214080'),
('ANUM3543', 8, 13, 16, 2217972, 'ET_09398621'),
('TAL33', 8, 11, 18, 2222287, 'ET_302672'),
('TAL31', 2, 3, 9, 2227266, 'ET_214080'),
('MR4151', 13, 19, 11, 2228806, 'ET_239812318'),
('OMS1', 12, 14, 17, 2229742, 'ET_23486986'),
('M.SIMAC-MIC 5322', 0, 8, 12, 2230563, 'ET_273976'),
('M.SIMAC-MIC 5331', 19, 12, 18, 2230979, 'ET_212148'),
('DC2', 16, 8, 8, 2237335, 'ET_23498443'),
('M.SIMAC-MIC 5372', 19, 4, 17, 2243364, 'ET_168286'),
('TAL31', 18, 19, 16, 2244927, 'ET_302672'),
('M.SIMAC-MIC 4132', 14, 15, 13, 2245033, 'ET_3248581'),
('CS5321', 10, 4, 15, 2245738, 'ET_211627'),
('M.SIMAC-MIC 4161', 8, 10, 14, 2246188, 'ET_23468210'),
('ANUM5322', 6, 11, 9, 2248189, 'ET_111445'),
('ANUM4122', 17, 14, 15, 2251237, 'ET_3269082'),
('MR4142', 7, 12, 18, 2267508, 'ET_2398723'),
('M.SIMAC-MIC 5343', 6, 1, 11, 2269364, 'ET_4983'),
('CS5313', 18, 19, 13, 2273477, 'ET_30158'),
('ANUM5311', 14, 5, 10, 2273535, 'ET_138980'),
('OMS2', 9, 13, 19, 2292031, 'ET_23498443'),
('M.SIMAC-MIC 5361', 1, 19, 18, 2292425, 'ET_133956'),
('HUM223', 8, 9, 1, 2308117, 'ET_340574'),
('CS4112', 3, 3, 12, 2310671, 'ET_23186092'),
('CS4122', 7, 17, 15, 2314764, 'ET_436893420'),
('HUM222', 12, 0, 4, 2317871, 'ET_57164'),
('Hum3', 14, 13, 7, 2324113, 'ET_3294623'),
('DM221', 17, 8, 19, 2324546, 'ET_87373'),
('AA221', 3, 16, 0, 2325735, 'ET_198393'),
('TAL1', 13, 15, 18, 2329353, 'ET_23486986'),
('AA222', 14, 19, 7, 2329755, 'ET_240076'),
('MR4142', 15, 6, 17, 2334653, 'ET_32468989'),
('Hum2', 18, 18, 14, 2352789, 'ET_23853823'),
('MR4161', 18, 8, 17, 2353227, 'ET_032023'),
('DM221', 13, 12, 14, 2359946, 'ET_68887'),
('MR4131', 10, 7, 11, 2361315, 'ET_12396912'),
('CS5344', 10, 1, 18, 2364284, 'ET_211627'),
('CS4122', 5, 1, 13, 2381245, 'ET_3487129'),
('ANUM4132', 11, 11, 8, 2382558, 'ET_13246289'),
('TAL31', 10, 17, 19, 2387583, 'ET_274243'),
('M.SIMAC-MIC 4131', 16, 12, 11, 2389541, 'ET_23468210'),
('OMS1', 9, 15, 12, 2392745, 'ET_92389'),
('ANUM414', 17, 8, 13, 2405456, 'ET_3269082'),
('MR4112', 7, 9, 6, 2412442, 'ET_24906234'),
('M.SIMAC-MIC 5361', 12, 13, 13, 2413437, 'ET_4983'),
('M.SIMAC-MIC 4131', 17, 19, 9, 2420179, 'ET_3248581'),
('MR4111', 14, 15, 19, 2421999, 'ET_239812318'),
('M.SIMAC-MIC 5322', 6, 4, 2, 2451550, 'ET_212148'),
('OMS1', 8, 16, 11, 2460953, 'ET_32968761'),
('AA223', 1, 8, 3, 2463328, 'ET_359609'),
('CS5342', 15, 11, 11, 2465035, 'ET_50351'),
('TAL33', 10, 8, 4, 2478183, 'ET_408154'),
('M.SIMAC-MIC 5321', 18, 10, 9, 2479219, 'ET_133956'),
('OMS1', 7, 10, 11, 2481486, 'ET_682123'),
('IA222', 7, 13, 12, 2481576, 'ET_462001'),
('MR4113', 7, 16, 12, 2485928, 'ET_32468989'),
('CS5332', 10, 17, 0, 2486629, 'ET_75840'),
('APA3', 19, 9, 16, 2502299, 'ET_23853823'),
('AA223', 1, 12, 15, 2503406, 'ET_462001'),
('CS5331', 16, 3, 16, 2523056, 'ET_211627'),
('IV221', 4, 11, 11, 2529027, 'ET_240076'),
('M.SIMAC-MIC 5361', 1, 17, 19, 2546733, 'ET_217217'),
('APA2', 10, 16, 17, 2552958, 'ET_32968761'),
('M.SIMAC-MIC 4132', 18, 13, 17, 2554144, 'ET_23468210'),
('TAL1', 14, 16, 7, 2563837, 'ET_3294623'),
('APA2', 18, 15, 10, 2569719, 'ET_238523'),
('HUM223', 1, 14, 8, 2578083, 'ET_151098'),
('M.SIMAC-MIC 5321', 14, 15, 13, 2583611, 'ET_72511'),
('CS5332', 12, 15, 7, 2588236, 'ET_393238'),
('DM221', 13, 18, 15, 2602289, 'ET_57164'),
('ANUM4121', 16, 7, 18, 2606924, 'ET_3269082'),
('HUM222', 9, 6, 6, 2613246, 'ET_34224'),
('IA223', 6, 7, 12, 2614487, 'ET_467883'),
('CS5313', 14, 15, 6, 2615404, 'ET_340384'),
('CS5341', 6, 1, 14, 2618442, 'ET_30158'),
('M.SIMAC-MIC 5322', 8, 11, 13, 2624121, 'ET_208402'),
('APA4', 15, 14, 7, 2640005, 'ET_23498443'),
('TAL31', 17, 1, 6, 2643827, 'ET_462001'),
('HUM221', 2, 4, 3, 2655004, 'ET_37644'),
('ANUM4112', 16, 15, 7, 2678919, 'ET_3269082'),
('CS5331', 9, 5, 12, 2680070, 'ET_393238'),
('M.SIMAC-MIC 4151', 15, 7, 13, 2680668, 'ET_23468210'),
('CS5313', 16, 15, 14, 2683045, 'ET_62006'),
('HUM222', 5, 0, 19, 2687634, 'ET_212585'),
('M.SIMAC-MIC 5361', 9, 10, 16, 2690203, 'ET_255239'),
('Hum222', 2, 2, 3, 2714153, 'ET_115454'),
('CS5312', 11, 7, 6, 2714384, 'ET_406422'),
('IV221', 8, 0, 6, 2718611, 'ET_198393'),
('AA223', 17, 6, 0, 2735920, 'ET_270003'),
('ANUM414', 0, 2, 9, 2743264, 'ET_378142'),
('CS5342', 11, 19, 3, 2744947, 'ET_340384'),
('MR4142', 9, 10, 18, 2745873, 'ET_123896142'),
('IA223', 7, 8, 13, 2747905, 'ET_331883'),
('AA221', 2, 14, 9, 2751891, 'ET_405682'),
('TAL33', 1, 16, 15, 2755847, 'ET_405682'),
('CS4131', 9, 11, 4, 2759440, 'ET_903420978'),
('MR4151', 14, 8, 8, 2762595, 'ET_24906234'),
('APA4', 17, 14, 9, 2776493, 'ET_2375823'),
('APA1', 15, 8, 17, 2786356, 'ET_12767'),
('ANUM414', 0, 10, 0, 2789681, 'ET_138980'),
('CS4141', 0, 19, 3, 2797722, 'ET_340972'),
('M.SIMAC-MIC 4152', 19, 19, 15, 2800907, 'ET_1312123'),
('HUM221', 11, 15, 0, 2816898, 'ET_359609'),
('HUM221', 19, 12, 0, 2816978, 'ET_285660'),
('CS5341', 0, 9, 1, 2826670, 'ET_211627'),
('TAL1', 11, 17, 10, 2828198, 'ET_23575812'),
('CS4112', 11, 13, 1, 2830842, 'ET_340972'),
('CS4112', 10, 6, 18, 2833674, 'ET_9342890'),
('DM222', 4, 11, 8, 2834811, 'ET_39695'),
('MR4162', 6, 15, 16, 2838000, 'ET_123896142'),
('MR4152', 10, 7, 17, 2841357, 'ET_239234'),
('M.SIMAC-MIC 4141', 8, 8, 6, 2843469, 'ET_23834091'),
('Hum2', 6, 19, 15, 2858423, 'ET_682123'),
('M.SIMAC-MIC 5323', 16, 16, 13, 2865241, 'ET_189849'),
('M.SIMAC-MIC 5311', 0, 18, 0, 2865405, 'ET_381340'),
('CS4121', 10, 19, 18, 2866064, 'ET_23186092'),
('ANUM5311', 13, 3, 3, 2869648, 'ET_111445'),
('HUM223', 1, 2, 17, 2870440, 'ET_37644'),
('BDA221', 13, 6, 4, 2885210, 'ET_285660'),
('CS4141', 14, 14, 4, 2891663, 'ET_436893420'),
('ANUM4112', 15, 9, 19, 2895665, 'ET_2378543'),
('BDD2', 15, 16, 12, 2899520, 'ET_92389'),
('M.SIMAC-MIC 4161', 16, 18, 17, 2905984, 'ET_2892385'),
('DC2', 19, 19, 11, 2917005, 'ET_01237293'),
('MR4112', 15, 18, 16, 2932256, 'ET_2398723'),
('BDA223', 18, 8, 5, 2932543, 'ET_151098'),
('CS4111', 14, 14, 16, 2934123, 'ET_2396893089'),
('ANUM414', 18, 16, 14, 2936579, 'ET_32098732'),
('AA221', 10, 10, 18, 2947250, 'ET_263750'),
('ANUM4112', 7, 11, 14, 2967267, 'ET_3298348902'),
('M.SIMAC-MIC 5372', 13, 12, 18, 2982048, 'ET_331078'),
('CS5342', 12, 15, 0, 2983918, 'ET_162830'),
('ANUM4111', 14, 15, 17, 2989381, 'ET_329860'),
('APA2', 6, 15, 18, 2990412, 'ET_01237293'),
('M.SIMAC-MIC 5343', 9, 11, 8, 2991965, 'ET_189849'),
('APA1', 13, 10, 8, 2992735, 'ET_23968'),
('ANUM5321', 14, 5, 5, 3010277, 'ET_468746'),
('M.SIMAC-MIC 4162', 15, 12, 17, 3012310, 'ET_23834091'),
('M.SIMAC-MIC 4141', 11, 10, 17, 3026843, 'ET_23468210'),
('MR4161', 15, 12, 15, 3040493, 'ET_239812318'),
('MR4162', 17, 8, 18, 3043024, 'ET_4329612'),
('ANUM414', 7, 18, 16, 3068294, 'ET_329860'),
('M.SIMAC-MIC 4162', 10, 14, 12, 3070255, 'ET_3248581'),
('DC1', 11, 19, 13, 3072147, 'ET_23158213'),
('ANUM4133', 6, 19, 6, 3081937, 'ET_329702347'),
('CS5323', 15, 6, 5, 3087647, 'ET_211627'),
('HUM223', 14, 18, 0, 3093664, 'ET_212585'),
('CS4111', 9, 15, 5, 3099713, 'ET_23186092'),
('M.SIMAC-MIC 5343', 19, 2, 9, 3106351, 'ET_72511'),
('TAL33', 17, 12, 8, 3111353, 'ET_340574'),
('BDD2', 15, 14, 15, 3114905, 'ET_234897'),
('Hum2', 19, 14, 9, 3118314, 'ET_23486986'),
('DC2', 9, 16, 18, 3122366, 'ET_3294623'),
('CS5323', 1, 11, 5, 3127948, 'ET_357959'),
('IV222', 1, 16, 12, 3130767, 'ET_395142'),
('M.SIMAC-MIC 4143', 14, 13, 12, 3138482, 'ET_26923496'),
('HUM221', 18, 14, 6, 3144675, 'ET_302672'),
('CS5341', 5, 15, 16, 3149039, 'ET_37784'),
('Hum1', 16, 13, 19, 3152076, 'ET_782345767'),
('AA221', 11, 1, 12, 3157556, 'ET_37644'),
('M.SIMAC-MIC 4162', 12, 12, 11, 3167695, 'ET_239698346'),
('IV221', 5, 4, 12, 3168555, 'ET_287917'),
('HUM221', 4, 3, 19, 3178140, 'ET_263750'),
('MR4142', 16, 12, 11, 3182888, 'ET_23934987'),
('DC2', 12, 12, 13, 3189455, 'ET_23486986'),
('CS5311', 3, 18, 12, 3191504, 'ET_50351'),
('AA223', 18, 7, 3, 3195683, 'ET_334950'),
('CS5322', 5, 3, 13, 3210357, 'ET_406422'),
('MR4132', 8, 7, 13, 3212390, 'ET_123896142'),
('TAL33', 12, 16, 18, 3238344, 'ET_413938'),
('CS4131', 11, 10, 2, 3248537, 'ET_3487129'),
('CS4131', 18, 18, 12, 3251272, 'ET_3969032'),
('CS5311', 2, 2, 0, 3259370, 'ET_75840'),
('Hum222', 7, 13, 0, 3267255, 'ET_334950'),
('Hum1', 11, 19, 8, 3268752, 'ET_231'),
('Hum222', 13, 6, 9, 3270859, 'ET_274243'),
('CS5343', 19, 17, 11, 3288056, 'ET_323551'),
('ANUM5331', 15, 13, 17, 3292626, 'ET_468746'),
('M.SIMAC-MIC 5323', 17, 15, 5, 3297400, 'ET_331078'),
('M.SIMAC-MIC 4132', 10, 12, 15, 3300641, 'ET_092368'),
('AA223', 17, 5, 2, 3306894, 'ET_223677'),
('ANUM414', 14, 8, 9, 3310658, 'ET_129198'),
('TAL31', 6, 2, 1, 3312650, 'ET_70675'),
('M.SIMAC-MIC 4163', 11, 10, 7, 3313599, 'ET_3248581'),
('ANUM4132', 15, 14, 13, 3316725, 'ET_329702347'),
('APA4', 8, 12, 13, 3317369, 'ET_01237293'),
('IV221', 1, 15, 12, 3323697, 'ET_413938'),
('DM222', 12, 16, 11, 3325658, 'ET_151098'),
('ANUM5311', 2, 2, 14, 3332352, 'ET_338547'),
('CS5331', 3, 3, 12, 3334884, 'ET_37784'),
('Hum222', 1, 13, 17, 3335990, 'ET_359609'),
('BDA222', 19, 15, 10, 3336807, 'ET_344261'),
('M.SIMAC-MIC 5382', 5, 8, 6, 3341810, 'ET_273976'),
('M.SIMAC-MIC 5321', 18, 10, 2, 3352899, 'ET_384166'),
('CS4142', 11, 3, 2, 3359499, 'ET_34790234'),
('M.SIMAC-MIC 5312', 18, 10, 9, 3363947, 'ET_4983'),
('ANUM5311', 2, 1, 10, 3369376, 'ET_250047'),
('Hum1', 11, 13, 12, 3376534, 'ET_2375823'),
('TAL32', 6, 4, 19, 3382820, 'ET_287917'),
('AA222', 8, 14, 0, 3391998, 'ET_76994'),
('M.SIMAC-MIC 5321', 14, 2, 17, 3392709, 'ET_162085'),
('AA223', 13, 8, 9, 3393749, 'ET_212585'),
('ANUM5331', 18, 17, 11, 3394288, 'ET_403348'),
('AA223', 13, 6, 15, 3395015, 'ET_395142'),
('BDA221', 1, 10, 7, 3396359, 'ET_427005'),
('HUM223', 5, 0, 5, 3403491, 'ET_285660'),
('OMS3', 14, 14, 7, 3403506, 'ET_6123978'),
('AA221', 14, 8, 9, 3406448, 'ET_223677'),
('Hum1', 14, 7, 12, 3410182, 'ET_238523'),
('TAL33', 6, 9, 15, 3410387, 'ET_76994'),
('AA223', 11, 16, 18, 3422217, 'ET_285660'),
('CS5323', 11, 10, 10, 3423703, 'ET_50351'),
('TAL31', 2, 5, 10, 3433788, 'ET_334950'),
('MR4152', 14, 17, 10, 3435182, 'ET_032023'),
('CS4142', 18, 12, 7, 3439656, 'ET_23043098'),
('M.SIMAC-MIC 4143', 9, 9, 9, 3452729, 'ET_23468210'),
('M.SIMAC-MIC 4111', 18, 16, 14, 3470639, 'ET_239698346'),
('CS4131', 3, 17, 16, 3483677, 'ET_3244907'),
('M.SIMAC-MIC 5332', 5, 5, 7, 3486209, 'ET_4983'),
('DM222', 13, 3, 6, 3486705, 'ET_285660'),
('APA1', 14, 6, 12, 3491792, 'ET_01237293'),
('HUM222', 16, 3, 16, 3499714, 'ET_15829'),
('DM221', 6, 8, 14, 3503282, 'ET_31361'),
('M.SIMAC-MIC 5311', 18, 18, 2, 3505437, 'ET_255239'),
('DC2', 15, 11, 12, 3510695, 'ET_12531275'),
('IA222', 0, 16, 11, 3514143, 'ET_463691'),
('Hum222', 12, 19, 10, 3518052, 'ET_76994'),
('CS5312', 14, 17, 6, 3521855, 'ET_357959'),
('Hum222', 1, 16, 15, 3525343, 'ET_351672'),
('MR4141', 9, 16, 7, 3531909, 'ET_2398723'),
('DM222', 0, 17, 18, 3532626, 'ET_212585'),
('APA4', 10, 12, 18, 3534886, 'ET_21389231'),
('ANUM4112', 19, 9, 10, 3545409, 'ET_219692836'),
('M.SIMAC-MIC 5331', 11, 3, 19, 3550584, 'ET_273976'),
('HUM221', 12, 6, 11, 3551324, 'ET_15829'),
('MR4152', 10, 9, 13, 3553420, 'ET_239812318'),
('APA4', 11, 12, 7, 3553988, 'ET_12531275'),
('ANUM4131', 11, 17, 11, 3554232, 'ET_32098732'),
('MR4151', 14, 11, 6, 3558019, 'ET_23872349'),
('IV221', 12, 0, 2, 3559675, 'ET_467883'),
('IV222', 13, 5, 5, 3561066, 'ET_467883'),
('M.SIMAC-MIC 4111', 17, 6, 11, 3561758, 'ET_23834091'),
('CS5343', 0, 5, 2, 3561767, 'ET_75840'),
('HUM221', 6, 4, 0, 3565011, 'ET_287917'),
('MR4161', 6, 13, 12, 3565462, 'ET_12396912'),
('M.SIMAC-MIC 5382', 0, 0, 18, 3565672, 'ET_72511'),
('ANUM4133', 6, 17, 9, 3568802, 'ET_3298348902'),
('IA222', 14, 5, 10, 3581963, 'ET_405682'),
('ANUM5312', 12, 2, 19, 3603698, 'ET_403348'),
('IA222', 2, 15, 16, 3603971, 'ET_8946'),
('IV222', 2, 3, 2, 3609503, 'ET_115454'),
('IA223', 8, 12, 14, 3616180, 'ET_275357'),
('AA221', 3, 8, 7, 3625881, 'ET_359609'),
('AA222', 8, 15, 9, 3634640, 'ET_334950'),
('CS4143', 18, 11, 9, 3644837, 'ET_34790234'),
('CS5312', 14, 17, 0, 3646830, 'ET_35395'),
('CS4121', 17, 4, 8, 3648352, 'ET_903420978'),
('TAL32', 18, 2, 15, 3654050, 'ET_240076'),
('CS5321', 18, 1, 0, 3668165, 'ET_35395'),
('ANUM4132', 10, 15, 9, 3674518, 'ET_219692836'),
('ANUM3543', 5, 13, 2, 3678889, 'ET_111445'),
('CS4142', 4, 14, 14, 3681143, 'ET_23186092'),
('IV221', 11, 0, 2, 3682899, 'ET_408154'),
('MR4142', 18, 9, 9, 3683966, 'ET_239812318'),
('CS4111', 10, 3, 15, 3684098, 'ET_34790234'),
('Hum2', 12, 10, 19, 3687720, 'ET_23968'),
('M.SIMAC-MIC 5332', 3, 13, 11, 3697472, 'ET_381340'),
('AA223', 3, 12, 1, 3711788, 'ET_351672'),
('M.SIMAC-MIC 5372', 13, 11, 10, 3712572, 'ET_307798'),
('AA222', 0, 4, 19, 3712935, 'ET_274243'),
('AA221', 15, 13, 17, 3716412, 'ET_31361'),
('ANUM4121', 15, 18, 14, 3716682, 'ET_2378543'),
('MR4122', 15, 17, 12, 3719261, 'ET_239234'),
('CS5343', 10, 14, 9, 3723112, 'ET_211627'),
('BDA223', 5, 14, 12, 3730769, 'ET_37644'),
('IA222', 3, 17, 4, 3731041, 'ET_240076'),
('DM221', 4, 16, 18, 3742205, 'ET_344261'),
('MR4113', 18, 7, 8, 3752366, 'ET_12396912'),
('M.SIMAC-MIC 5332', 19, 2, 12, 3752404, 'ET_217217'),
('MR4162', 6, 9, 6, 3757440, 'ET_312983127'),
('IV221', 13, 3, 10, 3757810, 'ET_275357'),
('BDD2', 13, 10, 8, 3767930, 'ET_231'),
('M.SIMAC-MIC 5311', 8, 6, 3, 3771746, 'ET_4983'),
('AA221', 11, 0, 6, 3781491, 'ET_68887'),
('ANUM5312', 13, 2, 7, 3781911, 'ET_85001'),
('IV222', 1, 9, 12, 3787408, 'ET_334950'),
('ANUM5312', 19, 15, 3, 3793982, 'ET_378142'),
('Hum2', 14, 19, 6, 3796784, 'ET_49623496'),
('CS4143', 13, 4, 6, 3798386, 'ET_23043098'),
('M.SIMAC-MIC 5332', 11, 11, 9, 3799866, 'ET_168286'),
('M.SIMAC-MIC 4142', 10, 16, 17, 3801057, 'ET_239698346'),
('Hum3', 7, 19, 9, 3804167, 'ET_23158213'),
('ANUM5332', 4, 13, 17, 3805979, 'ET_129198'),
('IA223', 16, 15, 15, 3813172, 'ET_287917'),
('CS5331', 5, 7, 2, 3827849, 'ET_35395'),
('IA221', 13, 16, 17, 3829669, 'ET_287917'),
('ANUM3543', 16, 10, 11, 3831704, 'ET_124586'),
('TAL32', 3, 10, 4, 3838423, 'ET_395142'),
('CS5313', 17, 4, 14, 3849197, 'ET_211627'),
('MR4131', 19, 8, 6, 3853980, 'ET_2398723'),
('M.SIMAC-MIC 5322', 5, 4, 5, 3855266, 'ET_133956'),
('IA222', 0, 0, 6, 3864904, 'ET_263750'),
('ANUM4133', 13, 9, 11, 3867302, 'ET_219692836'),
('CS5321', 8, 4, 19, 3868774, 'ET_323551'),
('M.SIMAC-MIC 5321', 4, 10, 11, 3871354, 'ET_212148'),
('M.SIMAC-MIC 5322', 13, 14, 8, 3884095, 'ET_168286'),
('DM222', 4, 5, 15, 3885335, 'ET_68887'),
('ANUM5321', 2, 1, 3, 3887978, 'ET_250047'),
('MR4131', 10, 19, 17, 3893314, 'ET_123896142'),
('CS4132', 5, 5, 2, 3894326, 'ET_23186092'),
('M.SIMAC-MIC 5331', 8, 11, 12, 3895656, 'ET_189849'),
('ANUM5321', 1, 7, 13, 3898073, 'ET_445190'),
('BDA222', 0, 7, 5, 3907742, 'ET_15829'),
('M.SIMAC-MIC 5331', 18, 13, 1, 3913214, 'ET_255239'),
('CS5313', 1, 0, 7, 3913378, 'ET_50351'),
('APA4', 15, 16, 14, 3943969, 'ET_49623496'),
('CS5343', 9, 13, 14, 3950327, 'ET_393238'),
('OMS3', 13, 7, 9, 3951517, 'ET_231'),
('M.SIMAC-MIC 5323', 19, 13, 10, 3956212, 'ET_384166'),
('Hum3', 14, 13, 9, 3958322, 'ET_231'),
('CS5342', 9, 4, 10, 3959221, 'ET_35395'),
('IV221', 6, 11, 13, 3971956, 'ET_359609'),
('OMS1', 18, 19, 9, 3973495, 'ET_123723'),
('AA223', 12, 17, 8, 3975296, 'ET_15829'),
('Hum2', 16, 6, 18, 3975672, 'ET_12767'),
('OMS2', 16, 15, 9, 3979734, 'ET_01237293'),
('M.SIMAC-MIC 4121', 11, 15, 17, 3995280, 'ET_1312123'),
('M.SIMAC-MIC 5332', 9, 5, 9, 4005690, 'ET_384166'),
('AA221', 8, 5, 15, 4012546, 'ET_270003'),
('IA223', 0, 15, 7, 4016768, 'ET_8946'),
('APA4', 6, 13, 15, 4017365, 'ET_231'),
('OMS2', 12, 14, 12, 4020561, 'ET_782345767'),
('M.SIMAC-MIC 5372', 3, 14, 14, 4028863, 'ET_72511'),
('AA223', 18, 18, 2, 4055346, 'ET_151098'),
('IV221', 4, 8, 17, 4056701, 'ET_8946'),
('CS5344', 17, 11, 17, 4059188, 'ET_213658'),
('M.SIMAC-MIC 5331', 13, 8, 9, 4061758, 'ET_217217'),
('M.SIMAC-MIC 5361', 8, 8, 15, 4066180, 'ET_331078'),
('ANUM3543', 8, 4, 9, 4067420, 'ET_468746'),
('TAL31', 18, 9, 9, 4075130, 'ET_275357'),
('AA223', 19, 13, 2, 4076773, 'ET_331883'),
('CS5312', 2, 2, 16, 4082107, 'ET_75840'),
('M.SIMAC-MIC 4162', 9, 18, 10, 4090889, 'ET_23468210'),
('AA222', 12, 14, 14, 4093412, 'ET_214080'),
('MR4121', 10, 8, 10, 4094178, 'ET_32468989'),
('TAL32', 9, 13, 1, 4094656, 'ET_359338'),
('DM222', 0, 6, 15, 4096246, 'ET_87373'),
('AA223', 15, 15, 17, 4096716, 'ET_413938'),
('ANUM5332', 3, 17, 16, 4104543, 'ET_250047'),
('MR4141', 12, 10, 13, 4106031, 'ET_239234'),
('M.SIMAC-MIC 5332', 17, 19, 11, 4107025, 'ET_72511'),
('IA221', 13, 8, 7, 4110422, 'ET_324189'),
('IA223', 4, 12, 14, 4115931, 'ET_240076'),
('MR4151', 19, 10, 7, 4118923, 'ET_2385812'),
('BDD1', 13, 7, 6, 4148510, 'ET_92389'),
('MR4121', 17, 9, 19, 4156531, 'ET_2385812'),
('IV221', 0, 14, 11, 4156581, 'ET_340574'),
('Hum1', 13, 14, 9, 4160469, 'ET_23158213'),
('MR4152', 16, 15, 8, 4161132, 'ET_2385812'),
('OMS2', 17, 15, 13, 4172407, 'ET_32968761'),
('MR4122', 15, 9, 15, 4173934, 'ET_2385812'),
('MR4122', 14, 14, 11, 4183945, 'ET_23872349'),
('HUM221', 3, 11, 18, 4194895, 'ET_408154'),
('DC2', 12, 11, 17, 4197324, 'ET_23575812'),
('IA221', 4, 2, 12, 4198616, 'ET_214080'),
('M.SIMAC-MIC 5312', 10, 13, 10, 4213996, 'ET_381340'),
('MR4152', 14, 16, 15, 4216002, 'ET_12396912'),
('CS5344', 13, 13, 19, 4218263, 'ET_30158'),
('Hum3', 13, 7, 10, 4237686, 'ET_01237293'),
('APA4', 12, 12, 11, 4240283, 'ET_23968'),
('OMS2', 18, 10, 10, 4265176, 'ET_218961236'),
('TAL31', 15, 0, 11, 4271236, 'ET_351672'),
('TAL32', 19, 12, 16, 4284175, 'ET_115454'),
('MR4142', 19, 9, 11, 4284988, 'ET_239234'),
('Hum3', 14, 9, 17, 4286953, 'ET_782345767'),
('IV222', 7, 10, 2, 4288171, 'ET_287917'),
('APA4', 7, 14, 15, 4290485, 'ET_12767'),
('IA222', 15, 15, 14, 4296309, 'ET_331883'),
('M.SIMAC-MIC 4111', 16, 6, 9, 4312986, 'ET_2892385'),
('M.SIMAC-MIC 4163', 12, 16, 18, 4314775, 'ET_234980'),
('M.SIMAC-MIC 5382', 18, 7, 13, 4316186, 'ET_133956'),
('HUM223', 10, 14, 13, 4318354, 'ET_287917'),
('IA221', 11, 5, 0, 4319137, 'ET_359609'),
('DC2', 16, 17, 11, 4330351, 'ET_23158213'),
('AA221', 12, 4, 1, 4330395, 'ET_344261'),
('DC1', 7, 8, 19, 4331525, 'ET_23486986'),
('OMS1', 18, 10, 19, 4332428, 'ET_23853823'),
('AA222', 9, 0, 1, 4336793, 'ET_8946'),
('MR4131', 10, 14, 12, 4340053, 'ET_312983127'),
('M.SIMAC-MIC 5312', 1, 15, 0, 4346605, 'ET_331078'),
('CS5344', 5, 19, 11, 4349917, 'ET_75840'),
('CS4112', 4, 10, 10, 4367633, 'ET_98634238'),
('CS5323', 16, 18, 10, 4368326, 'ET_62006'),
('MR4142', 14, 7, 9, 4370059, 'ET_23872349'),
('CS4132', 16, 13, 16, 4373772, 'ET_2396893089'),
('TAL31', 19, 0, 1, 4379652, 'ET_263750'),
('IA223', 9, 5, 15, 4380227, 'ET_324189'),
('ANUM414', 12, 17, 12, 4399812, 'ET_219692836'),
('M.SIMAC-MIC 4132', 15, 8, 6, 4400273, 'ET_234980'),
('ANUM3543', 6, 9, 11, 4404854, 'ET_13246289'),
('M.SIMAC-MIC 4163', 9, 11, 10, 4409718, 'ET_23834091'),
('TAL31', 19, 7, 10, 4412135, 'ET_408154'),
('ANUM5312', 9, 16, 12, 4431704, 'ET_175644'),
('TAL32', 8, 7, 2, 4433327, 'ET_275357'),
('MR4141', 11, 17, 7, 4438312, 'ET_2385812'),
('CS4111', 0, 8, 18, 4443926, 'ET_3969032'),
('MR4111', 10, 6, 14, 4444311, 'ET_24906234'),
('ANUM4131', 9, 6, 14, 4447408, 'ET_329702347'),
('APA1', 17, 6, 7, 4453796, 'ET_12531275'),
('IA222', 3, 5, 15, 4460916, 'ET_115454'),
('Hum222', 11, 15, 4, 4465434, 'ET_463691'),
('AA222', 14, 1, 13, 4480137, 'ET_408154'),
('MR4161', 7, 7, 11, 4487115, 'ET_4329612'),
('M.SIMAC-MIC 4151', 10, 11, 14, 4498278, 'ET_2892385'),
('AA222', 18, 4, 6, 4502009, 'ET_285660'),
('TAL2', 17, 17, 7, 4505031, 'ET_6123978'),
('M.SIMAC-MIC 4142', 17, 13, 19, 4508460, 'ET_23834091'),
('M.SIMAC-MIC 5343', 11, 1, 8, 4526991, 'ET_307798'),
('IA222', 15, 15, 17, 4531880, 'ET_359338'),
('HUM221', 11, 2, 14, 4534907, 'ET_463691'),
('CS5342', 15, 11, 5, 4535202, 'ET_393238'),
('IV222', 5, 13, 17, 4536169, 'ET_263750'),
('TAL32', 15, 17, 5, 4539163, 'ET_340574'),
('IV222', 0, 15, 1, 4539202, 'ET_359338'),
('M.SIMAC-MIC 4141', 17, 8, 12, 4540810, 'ET_26923496'),
('MR4152', 9, 10, 19, 4546747, 'ET_4329612'),
('ANUM3543', 9, 15, 16, 4550609, 'ET_329860'),
('MR4113', 12, 14, 13, 4560904, 'ET_2385812'),
('CS4143', 15, 13, 16, 4565915, 'ET_903420978'),
('ANUM4121', 7, 11, 18, 4570310, 'ET_32098732'),
('IA223', 7, 7, 15, 4580016, 'ET_214080'),
('MR4142', 11, 16, 19, 4580945, 'ET_12396912'),
('Hum1', 10, 11, 6, 4580975, 'ET_218961236'),
('MR4161', 16, 8, 18, 4584345, 'ET_23872349'),
('HUM223', 5, 17, 0, 4598164, 'ET_45419'),
('TAL31', 10, 5, 5, 4598415, 'ET_340574'),
('CS4131', 5, 6, 0, 4599009, 'ET_2396893089'),
('APA1', 13, 8, 19, 4601576, 'ET_2375823'),
('Hum1', 11, 6, 12, 4605442, 'ET_23498443'),
('ANUM414', 12, 11, 2, 4623505, 'ET_234351'),
('CS5322', 9, 6, 10, 4641146, 'ET_393238'),
('DM221', 10, 18, 2, 4647867, 'ET_285660'),
('IV222', 6, 3, 18, 4648277, 'ET_240076'),
('HUM221', 6, 9, 10, 4666343, 'ET_351672'),
('CS4112', 0, 18, 16, 4672359, 'ET_903420978'),
('M.SIMAC-MIC 4163', 10, 12, 11, 4672530, 'ET_239698346'),
('M.SIMAC-MIC 4121', 8, 11, 19, 4675223, 'ET_23468210'),
('HUM221', 15, 3, 16, 4687589, 'ET_76994'),
('MR4141', 6, 16, 11, 4693869, 'ET_312983127'),
('IA223', 12, 12, 19, 4703318, 'ET_462001'),
('M.SIMAC-MIC 5321', 7, 15, 6, 4708262, 'ET_273976'),
('MR4132', 10, 17, 6, 4747609, 'ET_4329612'),
('CS4141', 11, 9, 8, 4749188, 'ET_903420978'),
('ANUM3543', 8, 14, 5, 4755817, 'ET_403348'),
('AA223', 3, 7, 19, 4756027, 'ET_37644'),
('TAL2', 13, 15, 14, 4764832, 'ET_218961236'),
('OMS3', 7, 18, 6, 4765106, 'ET_12531275'),
('CS5323', 15, 15, 1, 4772716, 'ET_406422'),
('OMS3', 17, 10, 10, 4774039, 'ET_2375823'),
('ANUM4112', 17, 18, 7, 4775488, 'ET_329860'),
('TAL32', 6, 13, 5, 4776563, 'ET_270003'),
('IV222', 19, 2, 11, 4779004, 'ET_270003'),
('MR4141', 6, 9, 15, 4785722, 'ET_4329612'),
('HUM222', 0, 11, 9, 4790375, 'ET_266652'),
('IA223', 2, 4, 15, 4797089, 'ET_45419'),
('CS5341', 10, 12, 5, 4800662, 'ET_10894'),
('CS5322', 6, 7, 10, 4802908, 'ET_30158'),
('BDA222', 18, 6, 17, 4804987, 'ET_427005'),
('M.SIMAC-MIC 5323', 15, 12, 15, 4815452, 'ET_212148'),
('BDA222', 18, 8, 7, 4819701, 'ET_151098'),
('CS4131', 2, 19, 1, 4824494, 'ET_98634238'),
('ANUM3543', 6, 4, 2, 4830603, 'ET_138980'),
('HUM221', 18, 15, 18, 4832493, 'ET_395142'),
('APA3', 16, 16, 13, 4834999, 'ET_92389'),
('MR4121', 10, 17, 14, 4840191, 'ET_239234'),
('CS5311', 5, 18, 10, 4847833, 'ET_340384'),
('MR4162', 13, 11, 12, 4852305, 'ET_239234'),
('M.SIMAC-MIC 5322', 16, 1, 19, 4856054, 'ET_4983'),
('CS5312', 4, 4, 10, 4859530, 'ET_323551'),
('HUM221', 12, 6, 4, 4870122, 'ET_427005'),
('ANUM5331', 1, 8, 17, 4871175, 'ET_138980'),
('ANUM5321', 0, 9, 3, 4874141, 'ET_378142'),
('CS4131', 0, 10, 5, 4902534, 'ET_340972'),
('ANUM4131', 13, 17, 8, 4903037, 'ET_3269082'),
('BDD1', 18, 18, 17, 4916940, 'ET_12767'),
('CS5311', 15, 8, 6, 4921125, 'ET_30158'),
('M.SIMAC-MIC 4132', 11, 16, 7, 4930817, 'ET_26923496'),
('CS5341', 2, 2, 14, 4935145, 'ET_35395'),
('CS4141', 19, 2, 3, 4952353, 'ET_203420'),
('M.SIMAC-MIC 4161', 10, 9, 7, 4961106, 'ET_26923496'),
('TAL1', 17, 17, 11, 4963792, 'ET_23158213'),
('M.SIMAC-MIC 5312', 5, 5, 15, 4975061, 'ET_72511'),
('AA222', 12, 9, 5, 4982937, 'ET_45419'),
('DM221', 7, 11, 3, 4988051, 'ET_15829'),
('HUM221', 11, 11, 17, 4990256, 'ET_223677'),
('IV222', 19, 4, 0, 4994087, 'ET_408154'),
('M.SIMAC-MIC 4112', 7, 15, 10, 4997698, 'ET_092368'),
('Hum1', 6, 8, 7, 5001045, 'ET_32968761'),
('CS4121', 7, 14, 17, 5004496, 'ET_203420'),
('MR4141', 18, 18, 11, 5005809, 'ET_24906234'),
('AA221', 3, 1, 11, 5008341, 'ET_87373'),
('ANUM414', 9, 17, 2, 5012859, 'ET_188179'),
('OMS1', 14, 12, 6, 5014890, 'ET_218961236'),
('M.SIMAC-MIC 4131', 8, 16, 8, 5023520, 'ET_26923496'),
('IA221', 14, 0, 13, 5028194, 'ET_413938'),
('DC2', 14, 7, 17, 5032053, 'ET_782345767'),
('CS4122', 6, 9, 9, 5041515, 'ET_340972'),
('CS5344', 2, 4, 8, 5042766, 'ET_50351'),
('TAL32', 8, 13, 8, 5049642, 'ET_45419'),
('CS5342', 6, 4, 5, 5056508, 'ET_62006'),
('Hum222', 2, 14, 5, 5057375, 'ET_302672'),
('ANUM5322', 15, 0, 10, 5063459, 'ET_124586'),
('MR4151', 9, 12, 14, 5070542, 'ET_312983127'),
('M.SIMAC-MIC 4162', 11, 14, 17, 5076412, 'ET_234980'),
('Hum222', 6, 14, 3, 5080316, 'ET_240076'),
('Hum2', 15, 17, 17, 5083177, 'ET_238523'),
('ANUM5331', 8, 3, 15, 5085314, 'ET_378142'),
('CS4143', 17, 14, 4, 5087087, 'ET_3487129'),
('TAL31', 3, 9, 6, 5087893, 'ET_395142'),
('HUM223', 18, 1, 13, 5090569, 'ET_240076'),
('MR4161', 9, 14, 14, 5094591, 'ET_123896142'),
('OMS2', 19, 15, 18, 5094694, 'ET_234897'),
('IV222', 7, 1, 18, 5098366, 'ET_198393'),
('M.SIMAC-MIC 4131', 6, 13, 8, 5107089, 'ET_234980'),
('ANUM4132', 16, 11, 9, 5111963, 'ET_23986234'),
('M.SIMAC-MIC 5331', 7, 16, 18, 5114124, 'ET_381340'),
('TAL31', 11, 3, 1, 5122172, 'ET_287917'),
('ANUM4132', 16, 14, 11, 5138677, 'ET_329860'),
('HUM221', 11, 16, 9, 5142705, 'ET_267932'),
('APA3', 13, 8, 12, 5147659, 'ET_782345767'),
('ANUM4133', 8, 15, 16, 5150111, 'ET_09398621'),
('OMS2', 19, 14, 14, 5151643, 'ET_92389'),
('MR4121', 14, 10, 9, 5157303, 'ET_12396912'),
('M.SIMAC-MIC 5323', 8, 19, 2, 5162844, 'ET_208402'),
('M.SIMAC-MIC 4132', 8, 18, 17, 5194705, 'ET_1312123'),
('M.SIMAC-MIC 4121', 12, 7, 12, 5204162, 'ET_239698346'),
('IA221', 2, 9, 10, 5208219, 'ET_223677'),
('IV222', 5, 17, 7, 5210223, 'ET_340574'),
('Hum1', 13, 13, 19, 5213978, 'ET_01237293'),
('ANUM5312', 3, 14, 9, 5217335, 'ET_338547'),
('ANUM5311', 4, 18, 9, 5218070, 'ET_378142'),
('ANUM414', 18, 13, 18, 5219018, 'ET_1298039'),
('Hum1', 7, 15, 9, 5234119, 'ET_21389231'),
('M.SIMAC-MIC 4162', 13, 19, 13, 5239706, 'ET_092368'),
('HUM223', 18, 2, 1, 5241328, 'ET_266652'),
('M.SIMAC-MIC 4113', 19, 7, 15, 5252777, 'ET_092368'),
('ANUM5312', 13, 6, 0, 5256446, 'ET_468746'),
('CS4122', 17, 6, 16, 5260876, 'ET_9342890'),
('TAL32', 1, 0, 4, 5261481, 'ET_198393'),
('CS4122', 11, 10, 11, 5266466, 'ET_3969032'),
('CS5332', 15, 8, 14, 5267529, 'ET_406422'),
('IA221', 1, 0, 7, 5270490, 'ET_274243'),
('CS5342', 13, 18, 16, 5275403, 'ET_30158'),
('AA223', 5, 2, 17, 5282626, 'ET_274243'),
('MR4122', 17, 14, 18, 5294448, 'ET_312983127'),
('TAL33', 7, 5, 19, 5302276, 'ET_467883'),
('MR4162', 15, 18, 11, 5306489, 'ET_12396912'),
('HUM222', 18, 14, 5, 5311252, 'ET_39695'),
('IV221', 9, 7, 1, 5314925, 'ET_359338'),
('CS5342', 19, 17, 15, 5330376, 'ET_211627'),
('ANUM3543', 11, 14, 18, 5332780, 'ET_338547'),
('HUM221', 9, 19, 18, 5334979, 'ET_274243'),
('M.SIMAC-MIC 4142', 10, 14, 12, 5339041, 'ET_1312123'),
('Hum2', 8, 19, 13, 5340594, 'ET_782345767'),
('CS5313', 17, 19, 4, 5345712, 'ET_406422'),
('AA221', 2, 9, 3, 5347428, 'ET_47950'),
('TAL32', 1, 11, 5, 5348079, 'ET_302672'),
('ANUM5332', 19, 9, 14, 5354357, 'ET_230999'),
('MR4132', 12, 9, 13, 5378070, 'ET_23934987'),
('ANUM5321', 1, 16, 6, 5384667, 'ET_234351'),
('IV222', 6, 15, 17, 5387499, 'ET_223677'),
('IV221', 17, 7, 0, 5389757, 'ET_463691'),
('M.SIMAC-MIC 5312', 8, 7, 10, 5392628, 'ET_384166'),
('Hum3', 11, 16, 7, 5400838, 'ET_218961236'),
('M.SIMAC-MIC 4121', 15, 10, 16, 5408990, 'ET_23834091'),
('M.SIMAC-MIC 5331', 12, 8, 14, 5411758, 'ET_384166'),
('Hum222', 14, 14, 6, 5412485, 'ET_45419'),
('M.SIMAC-MIC 4151', 10, 13, 11, 5414084, 'ET_3248581'),
('ANUM4121', 16, 11, 11, 5415687, 'ET_3298348902'),
('CS5332', 0, 12, 4, 5418482, 'ET_37784'),
('OMS2', 11, 15, 15, 5426768, 'ET_682123'),
('HUM223', 4, 9, 0, 5426985, 'ET_274243'),
('BDA222', 11, 2, 19, 5428272, 'ET_34224'),
('APA1', 7, 11, 14, 5430501, 'ET_3294623'),
('IA222', 12, 17, 8, 5448855, 'ET_223677'),
('CS5332', 16, 3, 4, 5452684, 'ET_211627'),
('CS4132', 13, 19, 19, 5453304, 'ET_436893420'),
('AA222', 2, 17, 15, 5458521, 'ET_267932'),
('APA2', 14, 18, 18, 5463036, 'ET_6123978'),
('IV221', 1, 2, 6, 5465900, 'ET_462001'),
('HUM222', 11, 2, 4, 5467913, 'ET_151098'),
('M.SIMAC-MIC 4112', 14, 6, 18, 5471290, 'ET_3248581'),
('ANUM4122', 12, 6, 14, 5494197, 'ET_329860'),
('AA222', 10, 18, 3, 5499995, 'ET_331883'),
('TAL32', 13, 4, 0, 5500140, 'ET_324189'),
('M.SIMAC-MIC 5312', 17, 15, 0, 5502322, 'ET_273976'),
('ANUM4122', 13, 16, 19, 5508914, 'ET_219692836'),
('AA221', 11, 17, 1, 5522114, 'ET_266652'),
('APA2', 6, 7, 16, 5529697, 'ET_231'),
('M.SIMAC-MIC 4141', 19, 8, 13, 5530643, 'ET_2892385'),
('Hum3', 9, 19, 6, 5533775, 'ET_23853823'),
('APA2', 14, 9, 15, 5538709, 'ET_2375823'),
('ANUM4131', 11, 9, 7, 5541875, 'ET_1298039'),
('M.SIMAC-MIC 4141', 18, 13, 6, 5542818, 'ET_092368'),
('M.SIMAC-MIC 4112', 16, 13, 10, 5543223, 'ET_26923496'),
('TAL32', 7, 5, 19, 5545170, 'ET_359609'),
('MR4162', 14, 9, 17, 5554886, 'ET_24906234'),
('HUM221', 5, 8, 16, 5559606, 'ET_57164'),
('TAL33', 17, 2, 14, 5562510, 'ET_8946'),
('ANUM4132', 6, 13, 16, 5567853, 'ET_3269082'),
('M.SIMAC-MIC 5311', 14, 7, 1, 5570213, 'ET_72511'),
('IV221', 8, 2, 8, 5594713, 'ET_405682'),
('ANUM414', 16, 8, 19, 5600613, 'ET_329702347'),
('M.SIMAC-MIC 5382', 16, 2, 15, 5602827, 'ET_189849'),
('MR4111', 10, 15, 7, 5605887, 'ET_12396912'),
('TAL31', 2, 10, 0, 5611368, 'ET_463691'),
('ANUM414', 5, 4, 6, 5616285, 'ET_85001'),
('Hum1', 11, 17, 8, 5616378, 'ET_23486986'),
('M.SIMAC-MIC 4143', 6, 10, 15, 5617590, 'ET_239698346'),
('ANUM3543', 15, 16, 17, 5618455, 'ET_175644'),
('AA222', 17, 10, 6, 5623788, 'ET_359609'),
('CS4112', 19, 11, 10, 5626262, 'ET_436893420'),
('MR4142', 6, 19, 15, 5629917, 'ET_032023'),
('MR4113', 13, 11, 13, 5634962, 'ET_032023'),
('HUM223', 19, 3, 2, 5635837, 'ET_8946'),
('ANUM4131', 13, 15, 16, 5638369, 'ET_2378543'),
('CS4142', 16, 9, 14, 5643769, 'ET_98634238'),
('APA1', 11, 10, 13, 5645944, 'ET_32968761'),
('AA221', 14, 17, 1, 5646687, 'ET_285660'),
('M.SIMAC-MIC 5312', 1, 16, 17, 5650321, 'ET_189849'),
('APA2', 19, 15, 10, 5653183, 'ET_23968'),
('ANUM5322', 2, 17, 7, 5661043, 'ET_129198'),
('HUM221', 14, 10, 14, 5668628, 'ET_214080'),
('CS5313', 14, 3, 15, 5669278, 'ET_10894'),
('TAL31', 1, 3, 12, 5669356, 'ET_198393'),
('CS4142', 16, 9, 6, 5674630, 'ET_340972'),
('Hum2', 15, 12, 17, 5682938, 'ET_23575812'),
('M.SIMAC-MIC 5372', 11, 10, 6, 5687142, 'ET_212148'),
('APA1', 14, 9, 9, 5689539, 'ET_231'),
('M.SIMAC-MIC 4132', 10, 16, 14, 5691520, 'ET_23834091'),
('CS5344', 9, 7, 5, 5692231, 'ET_340384'),
('AA223', 6, 12, 3, 5692234, 'ET_198393'),
('ANUM3543', 18, 15, 10, 5692775, 'ET_329702347'),
('CS4131', 1, 16, 15, 5694348, 'ET_9342890'),
('IA221', 3, 16, 3, 5694445, 'ET_270003'),
('APA1', 14, 8, 11, 5704808, 'ET_682123'),
('AA221', 10, 14, 15, 5707637, 'ET_275357'),
('APA3', 15, 8, 12, 5709289, 'ET_23486986'),
('MR4121', 14, 9, 15, 5710754, 'ET_23872349'),
('OMS3', 17, 13, 14, 5716123, 'ET_23158213'),
('TAL33', 19, 3, 5, 5721717, 'ET_331883'),
('HUM223', 1, 10, 11, 5722566, 'ET_68887'),
('ANUM5322', 1, 11, 6, 5727382, 'ET_188179'),
('APA2', 18, 10, 9, 5728649, 'ET_92389'),
('CS4121', 16, 0, 12, 5731390, 'ET_23043098'),
('CS4131', 4, 18, 15, 5747630, 'ET_436893420'),
('AA222', 19, 6, 11, 5748241, 'ET_15829'),
('M.SIMAC-MIC 5343', 5, 18, 6, 5752833, 'ET_162085'),
('BDA221', 10, 4, 15, 5755191, 'ET_15829'),
('HUM221', 14, 17, 16, 5756928, 'ET_39695'),
('ANUM4112', 14, 10, 17, 5757101, 'ET_09398621'),
('Hum1', 6, 10, 19, 5764227, 'ET_234897'),
('MR4111', 10, 12, 10, 5774871, 'ET_123896142');
INSERT INTO `notesetudiants` (`codeMat`, `devoir1`, `devoir2`, `exam`, `id`, `idEtu`) VALUES
('ANUM4111', 13, 9, 7, 5776815, 'ET_13246289'),
('APA3', 18, 16, 14, 5778482, 'ET_23158213'),
('AA222', 14, 4, 14, 5780282, 'ET_87373'),
('CS5342', 8, 6, 4, 5781219, 'ET_10894'),
('CS5344', 1, 18, 5, 5786121, 'ET_323551'),
('CS5321', 8, 15, 6, 5791423, 'ET_37784'),
('OMS2', 6, 15, 19, 5798229, 'ET_23158213'),
('ANUM414', 3, 5, 5, 5800520, 'ET_403348'),
('CS5332', 18, 19, 16, 5805985, 'ET_213658'),
('AA221', 3, 2, 2, 5806786, 'ET_151098'),
('APA2', 7, 12, 9, 5813390, 'ET_12531275'),
('DM222', 7, 15, 6, 5814246, 'ET_267932'),
('AA221', 19, 4, 7, 5816490, 'ET_70675'),
('APA3', 10, 11, 8, 5821566, 'ET_682123'),
('M.SIMAC-MIC 4131', 16, 14, 10, 5833672, 'ET_092368'),
('AA222', 12, 6, 1, 5836405, 'ET_37644'),
('HUM222', 1, 10, 6, 5840525, 'ET_267932'),
('APA3', 19, 16, 17, 5841769, 'ET_123723'),
('TAL32', 0, 15, 8, 5851232, 'ET_223677'),
('CS5311', 11, 19, 17, 5852098, 'ET_35395'),
('IA221', 1, 5, 13, 5852353, 'ET_467883'),
('HUM223', 10, 10, 16, 5856835, 'ET_462001'),
('HUM221', 16, 3, 17, 5863896, 'ET_31361'),
('AA221', 8, 14, 15, 5866352, 'ET_324189'),
('IV221', 9, 17, 13, 5881856, 'ET_115454'),
('DC2', 15, 17, 17, 5885629, 'ET_23853823'),
('Hum3', 15, 10, 19, 5889410, 'ET_21389231'),
('M.SIMAC-MIC 4111', 9, 6, 17, 5910850, 'ET_3248581'),
('ANUM5331', 18, 8, 11, 5929082, 'ET_250047'),
('IV222', 14, 1, 8, 5930383, 'ET_274243'),
('IA221', 4, 6, 11, 5938151, 'ET_8946'),
('M.SIMAC-MIC 4152', 11, 10, 7, 5939060, 'ET_2892385'),
('AA222', 11, 2, 11, 5941615, 'ET_263750'),
('Hum3', 13, 12, 14, 5944134, 'ET_682123'),
('APA4', 15, 17, 10, 5945327, 'ET_6123978'),
('CS5332', 4, 14, 9, 5948482, 'ET_50351'),
('ANUM3543', 13, 13, 16, 5960600, 'ET_129198'),
('CS4121', 13, 2, 14, 5961360, 'ET_34790234'),
('CS5343', 14, 12, 13, 5961648, 'ET_10894'),
('M.SIMAC-MIC 4113', 18, 9, 18, 5971872, 'ET_26923496'),
('CS5323', 18, 15, 9, 5978430, 'ET_213658'),
('CS5311', 10, 6, 13, 5985197, 'ET_323551'),
('OMS1', 11, 13, 14, 5988236, 'ET_6123978'),
('Hum222', 1, 1, 1, 5993094, 'ET_198393'),
('CS4132', 6, 17, 6, 6000535, 'ET_34790234'),
('M.SIMAC-MIC 4141', 10, 6, 19, 6014858, 'ET_3248581'),
('ANUM414', 10, 12, 3, 6026945, 'ET_468746'),
('MR4112', 14, 12, 7, 6030777, 'ET_23872349'),
('CS5322', 18, 13, 16, 6033364, 'ET_10894'),
('ANUM3543', 8, 13, 17, 6038751, 'ET_250047'),
('CS5312', 9, 15, 7, 6070603, 'ET_340384'),
('CS5341', 14, 11, 10, 6081555, 'ET_162830'),
('CS4143', 16, 19, 17, 6085768, 'ET_9342890'),
('APA4', 7, 13, 10, 6089722, 'ET_3294623'),
('DM222', 0, 3, 15, 6093833, 'ET_31361'),
('MR4131', 9, 15, 6, 6096060, 'ET_2385812'),
('ANUM4133', 10, 16, 15, 6104783, 'ET_1298039'),
('OMS1', 16, 18, 7, 6107820, 'ET_23498443'),
('DC1', 12, 19, 19, 6116615, 'ET_3294623'),
('TAL31', 3, 15, 15, 6117093, 'ET_405682'),
('Hum3', 14, 14, 12, 6121619, 'ET_23968'),
('CS5311', 12, 9, 0, 6123002, 'ET_37784'),
('IV222', 0, 13, 17, 6134986, 'ET_463691'),
('CS4122', 1, 15, 11, 6149467, 'ET_3280932'),
('M.SIMAC-MIC 4143', 13, 12, 14, 6153640, 'ET_234980'),
('CS4111', 2, 4, 19, 6155452, 'ET_3280932'),
('ANUM5312', 18, 4, 2, 6155726, 'ET_129198'),
('MR4111', 6, 18, 16, 6157097, 'ET_32468989'),
('CS5321', 5, 8, 19, 6164786, 'ET_162830'),
('AA222', 8, 4, 3, 6164856, 'ET_344261'),
('Hum3', 12, 6, 16, 6167265, 'ET_6123978'),
('OMS2', 19, 10, 16, 6180880, 'ET_23486986'),
('CS4111', 16, 0, 5, 6189285, 'ET_3487129'),
('CS4132', 13, 18, 5, 6189303, 'ET_3969032'),
('Hum2', 14, 17, 18, 6193163, 'ET_23158213'),
('TAL33', 14, 17, 4, 6199406, 'ET_395142'),
('OMS3', 15, 13, 15, 6199627, 'ET_23486986'),
('M.SIMAC-MIC 5321', 9, 12, 16, 6200007, 'ET_168286'),
('HUM221', 9, 12, 17, 6204474, 'ET_70675'),
('APA4', 8, 13, 7, 6216578, 'ET_682123'),
('Hum2', 14, 6, 11, 6216998, 'ET_123723'),
('M.SIMAC-MIC 5331', 14, 12, 14, 6223040, 'ET_72511'),
('DC1', 13, 6, 16, 6240704, 'ET_23575812'),
('AA223', 5, 16, 7, 6240890, 'ET_214080'),
('CS4131', 5, 12, 0, 6240943, 'ET_34790234'),
('ANUM4131', 18, 11, 15, 6244344, 'ET_9073427'),
('M.SIMAC-MIC 5382', 6, 19, 14, 6248165, 'ET_381340'),
('CS4121', 15, 9, 1, 6251467, 'ET_98634238'),
('M.SIMAC-MIC 5332', 12, 18, 12, 6261840, 'ET_331078'),
('M.SIMAC-MIC 5331', 17, 3, 2, 6263849, 'ET_307798'),
('Hum3', 6, 12, 9, 6271860, 'ET_12531275'),
('DM221', 3, 16, 7, 6283197, 'ET_37644'),
('OMS2', 15, 14, 19, 6286540, 'ET_123723'),
('CS5311', 17, 12, 1, 6308031, 'ET_393238'),
('M.SIMAC-MIC 4161', 10, 15, 17, 6314794, 'ET_239698346'),
('M.SIMAC-MIC 5372', 12, 1, 15, 6315112, 'ET_384166'),
('M.SIMAC-MIC 5322', 17, 18, 3, 6315847, 'ET_217217'),
('ANUM4132', 15, 8, 12, 6326834, 'ET_3298348902'),
('MR4111', 8, 18, 12, 6332779, 'ET_2398723'),
('M.SIMAC-MIC 5321', 17, 15, 3, 6337281, 'ET_255239'),
('CS5321', 7, 18, 8, 6345877, 'ET_213658'),
('M.SIMAC-MIC 5343', 12, 17, 3, 6361245, 'ET_273976'),
('M.SIMAC-MIC 5323', 12, 5, 17, 6363869, 'ET_4983'),
('MR4122', 7, 13, 14, 6379537, 'ET_239812318'),
('OMS3', 9, 12, 13, 6385629, 'ET_21389231'),
('MR4122', 11, 12, 18, 6387269, 'ET_2398723'),
('IA221', 11, 10, 12, 6387659, 'ET_240076'),
('CS5331', 1, 11, 17, 6394761, 'ET_340384'),
('AA222', 16, 15, 2, 6405540, 'ET_198393'),
('DC1', 6, 10, 10, 6413607, 'ET_21389231'),
('MR4162', 16, 11, 11, 6442659, 'ET_23872349'),
('ANUM5321', 7, 1, 7, 6451447, 'ET_111445'),
('M.SIMAC-MIC 5361', 18, 10, 16, 6460427, 'ET_168286'),
('M.SIMAC-MIC 5361', 3, 4, 15, 6469818, 'ET_384166'),
('AA223', 15, 4, 15, 6470197, 'ET_408154'),
('CS4111', 14, 4, 13, 6473489, 'ET_203420'),
('AA223', 3, 5, 15, 6473545, 'ET_31361'),
('Hum2', 18, 14, 15, 6476289, 'ET_6123978'),
('DC1', 10, 14, 10, 6486197, 'ET_6123978'),
('HUM221', 9, 12, 18, 6489923, 'ET_212585'),
('ANUM4132', 14, 6, 8, 6491705, 'ET_09398621'),
('APA2', 17, 11, 11, 6496616, 'ET_3294623'),
('M.SIMAC-MIC 5332', 16, 16, 10, 6497566, 'ET_208402'),
('CS5341', 9, 11, 8, 6533290, 'ET_323551'),
('CS4142', 7, 18, 14, 6535091, 'ET_3969032'),
('DM222', 10, 3, 15, 6547962, 'ET_57164'),
('APA2', 11, 15, 11, 6552708, 'ET_23158213'),
('TAL1', 10, 14, 9, 6559611, 'ET_782345767'),
('HUM221', 4, 13, 6, 6562866, 'ET_331883'),
('APA4', 19, 11, 6, 6564896, 'ET_32968761'),
('ANUM5311', 13, 16, 12, 6565536, 'ET_230999'),
('HUM221', 14, 19, 9, 6568758, 'ET_151098'),
('APA4', 15, 14, 14, 6575701, 'ET_23486986'),
('ANUM4133', 12, 13, 14, 6577682, 'ET_9073427'),
('CS5332', 10, 16, 16, 6578777, 'ET_162830'),
('CS5342', 18, 0, 8, 6585528, 'ET_406422'),
('APA2', 14, 7, 15, 6587888, 'ET_23853823'),
('CS4141', 13, 15, 10, 6591350, 'ET_2396893089'),
('CS4122', 1, 2, 6, 6610775, 'ET_98634238'),
('APA1', 6, 9, 15, 6617503, 'ET_92389'),
('BDA223', 11, 19, 0, 6624295, 'ET_344261'),
('MR4122', 6, 11, 16, 6629487, 'ET_12396912'),
('M.SIMAC-MIC 4143', 19, 15, 8, 6641838, 'ET_1312123'),
('M.SIMAC-MIC 5311', 6, 19, 15, 6643050, 'ET_273976'),
('MR4141', 14, 14, 8, 6645618, 'ET_23934987'),
('MR4152', 8, 8, 13, 6654813, 'ET_24906234'),
('M.SIMAC-MIC 5312', 12, 11, 8, 6663276, 'ET_168286'),
('M.SIMAC-MIC 4161', 10, 15, 11, 6664320, 'ET_23834091'),
('Hum222', 2, 11, 15, 6664453, 'ET_331883'),
('IV222', 5, 0, 12, 6675522, 'ET_359609'),
('CS4121', 17, 18, 18, 6686764, 'ET_3244907'),
('ANUM4111', 18, 6, 10, 6687880, 'ET_32098732'),
('HUM223', 6, 18, 17, 6695779, 'ET_214080'),
('M.SIMAC-MIC 4162', 19, 17, 11, 6700021, 'ET_1312123'),
('ANUM5311', 8, 12, 4, 6701154, 'ET_188179'),
('CS5321', 10, 3, 11, 6712388, 'ET_10894'),
('IA221', 14, 3, 0, 6717626, 'ET_275357'),
('HUM223', 8, 16, 19, 6717785, 'ET_223677'),
('MR4112', 19, 18, 6, 6723278, 'ET_2385812'),
('M.SIMAC-MIC 5361', 9, 12, 7, 6723804, 'ET_273976'),
('MR4141', 15, 7, 18, 6732077, 'ET_123896142'),
('Hum222', 5, 8, 5, 6739707, 'ET_223677'),
('TAL31', 18, 1, 3, 6750991, 'ET_270003'),
('HUM223', 18, 2, 17, 6751997, 'ET_334950'),
('M.SIMAC-MIC 5323', 17, 19, 12, 6752973, 'ET_133956'),
('CS5322', 11, 9, 11, 6756881, 'ET_162830'),
('AA223', 5, 0, 1, 6757514, 'ET_68887'),
('ANUM414', 10, 0, 18, 6794722, 'ET_124586'),
('Hum3', 13, 15, 10, 6812331, 'ET_12767'),
('ANUM4131', 8, 18, 13, 6813861, 'ET_13246289'),
('MR4142', 12, 11, 8, 6815757, 'ET_24906234'),
('Hum2', 16, 10, 12, 6824326, 'ET_01237293'),
('ANUM4131', 15, 9, 18, 6826378, 'ET_219692836'),
('IA222', 2, 12, 0, 6835194, 'ET_359609'),
('M.SIMAC-MIC 5372', 16, 3, 0, 6841267, 'ET_255239'),
('ANUM5311', 9, 0, 7, 6841631, 'ET_129198'),
('IA221', 6, 10, 2, 6850746, 'ET_395142'),
('HUM222', 17, 12, 12, 6852212, 'ET_427005'),
('CS5342', 0, 8, 8, 6855376, 'ET_75840'),
('OMS2', 10, 14, 8, 6870914, 'ET_6123978'),
('M.SIMAC-MIC 5311', 17, 18, 11, 6887045, 'ET_133956'),
('OMS1', 11, 14, 12, 6888570, 'ET_01237293'),
('CS5313', 5, 15, 16, 6891264, 'ET_75840'),
('HUM222', 4, 5, 15, 6897131, 'ET_285660'),
('MR4113', 8, 6, 9, 6901609, 'ET_4329612'),
('AA223', 5, 17, 8, 6902761, 'ET_87373'),
('CS5322', 16, 13, 15, 6908327, 'ET_340384'),
('AA221', 0, 9, 9, 6911085, 'ET_395142'),
('CS4132', 0, 9, 4, 6911478, 'ET_98634238'),
('IA221', 2, 18, 18, 6926649, 'ET_70675'),
('CS5311', 19, 9, 19, 6928094, 'ET_10894'),
('APA2', 15, 10, 14, 6932351, 'ET_21389231'),
('ANUM5322', 17, 8, 17, 6935208, 'ET_445190'),
('M.SIMAC-MIC 5311', 1, 17, 2, 6936973, 'ET_307798'),
('TAL33', 3, 11, 12, 6938241, 'ET_287917'),
('HUM221', 16, 9, 4, 6943909, 'ET_270003'),
('AA223', 3, 14, 3, 6946875, 'ET_427005'),
('M.SIMAC-MIC 4162', 13, 17, 16, 6954104, 'ET_2892385'),
('OMS1', 10, 13, 13, 6956200, 'ET_238523'),
('ANUM5322', 16, 1, 0, 6959556, 'ET_468746'),
('M.SIMAC-MIC 4163', 10, 8, 16, 6963756, 'ET_26923496'),
('CS5311', 8, 14, 6, 6967145, 'ET_211627'),
('MR4112', 8, 10, 18, 6968125, 'ET_312983127'),
('Hum1', 19, 18, 13, 6971778, 'ET_23968'),
('CS4132', 4, 10, 7, 6972645, 'ET_23043098'),
('IA223', 14, 16, 3, 6979644, 'ET_47950'),
('M.SIMAC-MIC 5311', 12, 9, 5, 6981269, 'ET_212148'),
('AA223', 17, 4, 7, 6987579, 'ET_405682'),
('MR4113', 14, 13, 17, 6990281, 'ET_23934987'),
('CS5344', 4, 17, 18, 6997075, 'ET_406422'),
('TAL1', 7, 8, 7, 6998667, 'ET_682123'),
('TAL2', 8, 19, 16, 7004575, 'ET_23853823'),
('TAL33', 4, 11, 17, 7005974, 'ET_462001'),
('M.SIMAC-MIC 5372', 6, 6, 8, 7009759, 'ET_162085'),
('OMS2', 12, 6, 19, 7016052, 'ET_12531275'),
('AA221', 12, 3, 0, 7018469, 'ET_467883'),
('M.SIMAC-MIC 5321', 14, 9, 11, 7019946, 'ET_217217'),
('MR4112', 13, 13, 19, 7030118, 'ET_32468989'),
('CS5322', 17, 15, 13, 7031799, 'ET_213658'),
('Hum1', 19, 8, 16, 7038891, 'ET_12767'),
('MR4132', 6, 12, 15, 7040050, 'ET_24906234'),
('MR4141', 14, 6, 7, 7046055, 'ET_032023'),
('AA221', 2, 10, 6, 7048194, 'ET_39695'),
('BDA221', 17, 13, 12, 7050577, 'ET_87373'),
('HUM223', 2, 14, 4, 7054997, 'ET_344261'),
('M.SIMAC-MIC 4152', 14, 16, 17, 7055714, 'ET_234980'),
('M.SIMAC-MIC 4142', 14, 16, 14, 7055902, 'ET_092368'),
('MR4112', 19, 16, 18, 7061068, 'ET_032023'),
('ANUM414', 3, 18, 8, 7069945, 'ET_175644'),
('CS5344', 5, 16, 6, 7086248, 'ET_10894'),
('BDA221', 18, 15, 5, 7087367, 'ET_151098'),
('M.SIMAC-MIC 4143', 8, 8, 10, 7089848, 'ET_092368'),
('MR4161', 18, 16, 15, 7096945, 'ET_32468989'),
('M.SIMAC-MIC 5323', 2, 14, 4, 7101868, 'ET_72511'),
('M.SIMAC-MIC 5382', 5, 6, 1, 7105744, 'ET_212148'),
('MR4162', 12, 18, 7, 7113295, 'ET_2398723'),
('M.SIMAC-MIC 4121', 6, 15, 16, 7119832, 'ET_3248581'),
('AA223', 7, 17, 12, 7122435, 'ET_266652'),
('Hum1', 8, 15, 18, 7134056, 'ET_6123978'),
('CS5331', 15, 19, 7, 7134753, 'ET_323551'),
('MR4162', 18, 9, 17, 7161260, 'ET_32468989'),
('DC1', 7, 7, 10, 7162570, 'ET_49623496'),
('Hum1', 14, 9, 12, 7162604, 'ET_12531275'),
('TAL2', 14, 15, 19, 7162716, 'ET_123723'),
('MR4122', 11, 7, 7, 7162966, 'ET_32468989'),
('CS5321', 8, 12, 14, 7168736, 'ET_75840'),
('TAL2', 12, 17, 18, 7179744, 'ET_49623496'),
('M.SIMAC-MIC 5312', 0, 16, 7, 7190080, 'ET_212148'),
('CS4111', 1, 2, 8, 7195765, 'ET_903420978'),
('ANUM4111', 19, 7, 17, 7200068, 'ET_23986234'),
('CS4122', 2, 9, 8, 7201900, 'ET_23043098'),
('IV221', 13, 11, 17, 7208486, 'ET_395142'),
('AA223', 15, 8, 12, 7220357, 'ET_340574'),
('M.SIMAC-MIC 4131', 6, 12, 18, 7224828, 'ET_1312123'),
('CS5344', 3, 8, 14, 7225870, 'ET_35395'),
('HUM223', 14, 6, 14, 7235677, 'ET_39695'),
('OMS1', 16, 10, 12, 7238055, 'ET_231'),
('ANUM5311', 5, 5, 11, 7249904, 'ET_85001'),
('IV222', 11, 3, 10, 7251540, 'ET_413938'),
('AA221', 14, 17, 7, 7252490, 'ET_359338'),
('ANUM4132', 12, 14, 8, 7253840, 'ET_32098732'),
('CS4121', 7, 9, 15, 7255220, 'ET_3969032'),
('APA4', 12, 15, 18, 7255748, 'ET_218961236'),
('CS5343', 12, 17, 18, 7256981, 'ET_35395'),
('IA222', 1, 0, 9, 7265456, 'ET_275357'),
('CS4141', 17, 5, 4, 7272282, 'ET_3487129'),
('M.SIMAC-MIC 5372', 3, 7, 3, 7277587, 'ET_189849'),
('ANUM3543', 11, 18, 3, 7278506, 'ET_85001'),
('BDA222', 12, 0, 15, 7282492, 'ET_266652'),
('BDA223', 8, 5, 13, 7294892, 'ET_212585'),
('M.SIMAC-MIC 5382', 18, 1, 15, 7301035, 'ET_384166'),
('ANUM5321', 11, 2, 16, 7304233, 'ET_85001'),
('CS5312', 8, 7, 15, 7308931, 'ET_211627'),
('TAL33', 18, 7, 11, 7309262, 'ET_274243'),
('TAL31', 17, 17, 13, 7310470, 'ET_47950'),
('CS5342', 18, 0, 14, 7321333, 'ET_37784'),
('AA221', 11, 0, 16, 7321426, 'ET_45419'),
('MR4152', 14, 17, 15, 7323499, 'ET_23872349'),
('BDA223', 5, 13, 15, 7339352, 'ET_31361'),
('HUM222', 18, 16, 11, 7346080, 'ET_37644'),
('CS5311', 8, 10, 13, 7346723, 'ET_406422'),
('MR4113', 9, 15, 11, 7350629, 'ET_312983127'),
('AA222', 16, 17, 12, 7353731, 'ET_223677'),
('M.SIMAC-MIC 4112', 17, 9, 19, 7356579, 'ET_23834091'),
('TAL1', 11, 16, 13, 7358214, 'ET_23853823'),
('ANUM4133', 6, 12, 10, 7359078, 'ET_3269082'),
('IA221', 0, 4, 8, 7369261, 'ET_351672'),
('Hum2', 12, 10, 19, 7374322, 'ET_21389231'),
('MR4122', 15, 17, 7, 7375101, 'ET_23934987'),
('IA221', 1, 14, 19, 7379081, 'ET_359338'),
('Hum222', 5, 17, 1, 7385964, 'ET_395142'),
('TAL32', 11, 8, 0, 7388016, 'ET_214080'),
('APA3', 18, 14, 19, 7393055, 'ET_218961236'),
('AA221', 8, 1, 19, 7398465, 'ET_463691'),
('M.SIMAC-MIC 4163', 18, 9, 10, 7404607, 'ET_2892385'),
('Hum3', 12, 18, 9, 7412308, 'ET_49623496'),
('MR4152', 14, 14, 15, 7412991, 'ET_23934987'),
('APA1', 13, 15, 15, 7414577, 'ET_238523'),
('M.SIMAC-MIC 4151', 6, 19, 13, 7433494, 'ET_26923496'),
('CS5323', 12, 6, 2, 7433647, 'ET_75840'),
('M.SIMAC-MIC 4111', 7, 9, 11, 7435245, 'ET_26923496'),
('IA221', 17, 7, 9, 7438441, 'ET_340574'),
('APA2', 9, 15, 16, 7453065, 'ET_49623496'),
('TAL31', 14, 18, 16, 7457121, 'ET_45419'),
('CS4141', 13, 0, 17, 7461344, 'ET_23186092'),
('ANUM3543', 13, 18, 12, 7472544, 'ET_3269082'),
('M.SIMAC-MIC 5343', 16, 3, 13, 7474176, 'ET_255239'),
('MR4121', 19, 18, 18, 7485935, 'ET_123896142'),
('TAL32', 4, 8, 10, 7491830, 'ET_467883'),
('IV222', 17, 4, 0, 7498516, 'ET_47950'),
('M.SIMAC-MIC 5372', 5, 14, 3, 7509936, 'ET_4983'),
('OMS3', 16, 9, 13, 7529252, 'ET_23853823'),
('Hum222', 14, 12, 11, 7531019, 'ET_47950'),
('TAL32', 5, 0, 17, 7533729, 'ET_274243'),
('MR4161', 17, 18, 18, 7538568, 'ET_312983127'),
('MR4131', 6, 10, 13, 7542787, 'ET_23872349'),
('ANUM414', 1, 16, 17, 7543036, 'ET_338547'),
('DM222', 15, 9, 11, 7549812, 'ET_15829'),
('M.SIMAC-MIC 5323', 4, 13, 10, 7551681, 'ET_162085'),
('CS5341', 12, 19, 13, 7561595, 'ET_213658'),
('TAL31', 6, 4, 2, 7566108, 'ET_359609'),
('ANUM4111', 7, 11, 14, 7567360, 'ET_1298039'),
('M.SIMAC-MIC 5311', 11, 18, 9, 7571960, 'ET_189849'),
('HUM223', 8, 5, 10, 7579703, 'ET_302672'),
('AA223', 18, 8, 1, 7584772, 'ET_287917'),
('CS4121', 13, 1, 15, 7586916, 'ET_340972'),
('BDD2', 7, 13, 9, 7593348, 'ET_12767'),
('MR4161', 14, 13, 11, 7616575, 'ET_2398723'),
('TAL31', 11, 18, 13, 7619443, 'ET_115454'),
('CS4111', 3, 19, 19, 7619647, 'ET_436893420'),
('M.SIMAC-MIC 5331', 1, 7, 6, 7628079, 'ET_4983'),
('OMS1', 10, 6, 18, 7631559, 'ET_3294623'),
('CS5323', 14, 15, 10, 7634813, 'ET_30158'),
('CS4112', 1, 11, 16, 7640091, 'ET_3244907'),
('Hum3', 8, 11, 13, 7641165, 'ET_23498443'),
('M.SIMAC-MIC 5343', 16, 15, 3, 7641932, 'ET_217217'),
('OMS3', 10, 6, 8, 7654743, 'ET_682123'),
('M.SIMAC-MIC 4112', 12, 15, 11, 7658597, 'ET_234980'),
('M.SIMAC-MIC 5361', 3, 18, 10, 7662626, 'ET_189849'),
('AA221', 8, 14, 10, 7672934, 'ET_340574'),
('M.SIMAC-MIC 5332', 18, 8, 16, 7684874, 'ET_212148'),
('CS5323', 7, 5, 11, 7684996, 'ET_340384'),
('HUM223', 13, 10, 13, 7696355, 'ET_270003'),
('ANUM4121', 10, 12, 8, 7703400, 'ET_09398621'),
('CS4112', 1, 10, 19, 7719342, 'ET_23043098'),
('M.SIMAC-MIC 5311', 10, 9, 5, 7720052, 'ET_384166'),
('Hum3', 19, 10, 18, 7721114, 'ET_23575812'),
('MR4113', 13, 15, 10, 7722779, 'ET_24906234'),
('CS5313', 1, 11, 10, 7725379, 'ET_393238'),
('CS5331', 18, 2, 10, 7725783, 'ET_50351'),
('HUM223', 10, 1, 14, 7727667, 'ET_427005'),
('ANUM4131', 7, 11, 7, 7730462, 'ET_23986234'),
('HUM223', 6, 10, 4, 7733917, 'ET_263750'),
('ANUM5312', 9, 11, 13, 7735834, 'ET_188179'),
('MR4131', 11, 17, 17, 7737449, 'ET_32468989'),
('OMS3', 15, 6, 7, 7741632, 'ET_123723'),
('AA221', 10, 7, 5, 7751371, 'ET_408154'),
('CS5321', 1, 8, 11, 7755787, 'ET_30158'),
('M.SIMAC-MIC 4142', 6, 12, 10, 7756374, 'ET_234980'),
('HUM223', 11, 14, 10, 7762727, 'ET_408154'),
('HUM221', 6, 15, 10, 7763489, 'ET_68887'),
('IA222', 19, 19, 2, 7766507, 'ET_351672'),
('M.SIMAC-MIC 4152', 16, 12, 8, 7768279, 'ET_23468210'),
('CS5341', 17, 17, 1, 7784044, 'ET_393238'),
('ANUM5322', 16, 11, 17, 7792410, 'ET_403348'),
('TAL31', 17, 8, 9, 7800817, 'ET_359338'),
('HUM223', 5, 18, 18, 7801319, 'ET_57164'),
('TAL33', 2, 5, 1, 7806706, 'ET_324189'),
('ANUM4122', 7, 10, 17, 7809518, 'ET_3298348902'),
('M.SIMAC-MIC 4142', 6, 16, 15, 7815135, 'ET_26923496'),
('DM221', 4, 8, 17, 7815478, 'ET_427005'),
('HUM223', 14, 19, 18, 7816936, 'ET_463691'),
('APA3', 17, 18, 13, 7818464, 'ET_231'),
('IA221', 8, 16, 1, 7819583, 'ET_462001'),
('ANUM5332', 17, 4, 12, 7827682, 'ET_234351'),
('BDA221', 6, 1, 4, 7831618, 'ET_266652'),
('CS5322', 6, 4, 18, 7839981, 'ET_37784'),
('CS5321', 6, 10, 5, 7854411, 'ET_357959'),
('CS5343', 7, 16, 9, 7856933, 'ET_213658'),
('CS5331', 9, 0, 1, 7858850, 'ET_213658'),
('AA222', 18, 10, 3, 7863288, 'ET_351672'),
('ANUM4121', 17, 12, 15, 7868256, 'ET_1298039'),
('HUM221', 7, 18, 16, 7872214, 'ET_266652'),
('M.SIMAC-MIC 4131', 12, 13, 6, 7878933, 'ET_2892385'),
('ANUM5312', 1, 13, 16, 7880577, 'ET_234351'),
('AA221', 12, 7, 11, 7886171, 'ET_34224'),
('M.SIMAC-MIC 5323', 5, 4, 17, 7895101, 'ET_273976'),
('M.SIMAC-MIC 5382', 13, 2, 6, 7895297, 'ET_255239'),
('MR4111', 6, 12, 15, 7900271, 'ET_23872349'),
('Hum2', 12, 18, 12, 7902553, 'ET_3294623'),
('CS5343', 3, 7, 13, 7903079, 'ET_162830'),
('CS4143', 18, 10, 6, 7903434, 'ET_98634238'),
('MR4113', 6, 6, 6, 7911712, 'ET_239812318'),
('APA2', 17, 9, 16, 7914570, 'ET_682123'),
('CS4111', 17, 6, 7, 7914634, 'ET_98634238'),
('IA222', 3, 2, 9, 7917001, 'ET_324189'),
('BDA221', 5, 6, 14, 7918957, 'ET_212585'),
('ANUM5331', 7, 2, 9, 7930730, 'ET_234351'),
('CS5311', 6, 9, 16, 7931037, 'ET_62006'),
('AA221', 1, 15, 6, 7940150, 'ET_331883'),
('M.SIMAC-MIC 4111', 9, 14, 9, 7943480, 'ET_092368'),
('IV221', 2, 5, 18, 7955435, 'ET_270003'),
('M.SIMAC-MIC 4111', 17, 8, 11, 7960081, 'ET_234980'),
('MR4132', 11, 16, 8, 7971519, 'ET_312983127'),
('ANUM3543', 9, 8, 16, 7972976, 'ET_2378543'),
('M.SIMAC-MIC 5382', 2, 1, 13, 7983702, 'ET_307798'),
('M.SIMAC-MIC 5361', 8, 7, 16, 7987340, 'ET_162085'),
('M.SIMAC-MIC 4142', 13, 16, 8, 7989435, 'ET_3248581'),
('ANUM5312', 16, 3, 8, 7990010, 'ET_124586'),
('Hum2', 11, 17, 9, 7991542, 'ET_32968761'),
('HUM221', 17, 12, 0, 7999612, 'ET_462001'),
('MR4132', 16, 14, 9, 8010595, 'ET_032023'),
('ANUM4132', 10, 12, 17, 8013824, 'ET_1298039'),
('ANUM4131', 6, 18, 13, 8017407, 'ET_3298348902'),
('IA223', 8, 9, 14, 8017801, 'ET_70675'),
('ANUM4112', 13, 18, 9, 8018061, 'ET_13246289'),
('HUM221', 4, 12, 1, 8020248, 'ET_413938'),
('IV222', 8, 8, 18, 8041373, 'ET_70675'),
('CS5312', 18, 1, 14, 8049385, 'ET_213658'),
('TAL2', 14, 12, 6, 8050614, 'ET_782345767'),
('CS5323', 7, 10, 1, 8054980, 'ET_393238'),
('IV222', 9, 3, 15, 8056597, 'ET_324189'),
('DM221', 13, 9, 15, 8066299, 'ET_267932'),
('ANUM5312', 3, 11, 2, 8068789, 'ET_230999'),
('AA223', 19, 3, 12, 8071338, 'ET_275357'),
('AA223', 17, 14, 2, 8072739, 'ET_240076'),
('OMS3', 18, 11, 11, 8076124, 'ET_218961236'),
('APA4', 12, 9, 19, 8076674, 'ET_23158213'),
('CS4141', 13, 4, 8, 8083214, 'ET_3969032'),
('CS4143', 3, 2, 17, 8100339, 'ET_3969032'),
('BDD1', 11, 17, 19, 8105324, 'ET_23968'),
('CS4142', 7, 15, 15, 8111496, 'ET_203420'),
('BDA221', 4, 9, 14, 8114038, 'ET_344261'),
('BDA222', 3, 16, 7, 8123448, 'ET_39695'),
('OMS2', 15, 13, 18, 8124120, 'ET_231'),
('M.SIMAC-MIC 4132', 9, 14, 7, 8125320, 'ET_2892385'),
('IV221', 15, 18, 3, 8127573, 'ET_263750'),
('M.SIMAC-MIC 5372', 11, 1, 5, 8134081, 'ET_208402'),
('MR4161', 18, 18, 8, 8142411, 'ET_239234'),
('MR4132', 15, 17, 13, 8143751, 'ET_23872349'),
('TAL2', 11, 17, 13, 8159495, 'ET_3294623'),
('CS5313', 11, 19, 11, 8176524, 'ET_323551'),
('MR4132', 16, 6, 6, 8176983, 'ET_239234'),
('BDA221', 10, 6, 18, 8187105, 'ET_68887'),
('TAL31', 8, 13, 5, 8189702, 'ET_223677'),
('DC1', 10, 14, 9, 8209116, 'ET_23853823'),
('CS5322', 8, 10, 19, 8213562, 'ET_50351'),
('MR4162', 18, 9, 18, 8220481, 'ET_239812318'),
('Hum3', 15, 7, 14, 8222173, 'ET_23486986'),
('MR4162', 9, 6, 18, 8225202, 'ET_032023'),
('M.SIMAC-MIC 5332', 5, 12, 7, 8226461, 'ET_273976'),
('TAL33', 5, 7, 19, 8231790, 'ET_270003'),
('MR4141', 9, 9, 7, 8241021, 'ET_12396912'),
('Hum3', 11, 12, 9, 8244795, 'ET_234897'),
('Hum2', 16, 19, 7, 8247058, 'ET_2375823'),
('TAL32', 5, 4, 1, 8247872, 'ET_463691'),
('TAL31', 10, 3, 12, 8248247, 'ET_76994'),
('CS5313', 6, 6, 12, 8248678, 'ET_35395'),
('TAL31', 13, 6, 3, 8251672, 'ET_8946'),
('OMS1', 8, 13, 9, 8258293, 'ET_12767'),
('IV222', 18, 9, 7, 8261064, 'ET_8946'),
('HUM223', 19, 16, 0, 8270710, 'ET_331883'),
('BDD1', 7, 16, 11, 8273197, 'ET_238523'),
('AA223', 4, 9, 7, 8278425, 'ET_324189'),
('OMS2', 8, 13, 10, 8289586, 'ET_21389231'),
('BDA223', 11, 19, 13, 8297219, 'ET_285660'),
('M.SIMAC-MIC 5322', 3, 10, 13, 8299611, 'ET_384166'),
('DC2', 9, 19, 9, 8301922, 'ET_21389231'),
('ANUM4112', 12, 16, 14, 8319659, 'ET_329702347'),
('MR4151', 17, 7, 11, 8321222, 'ET_23934987'),
('TAL33', 4, 15, 15, 8322020, 'ET_351672'),
('M.SIMAC-MIC 4143', 6, 9, 14, 8323432, 'ET_2892385'),
('TAL33', 3, 9, 3, 8336455, 'ET_463691'),
('CS4111', 9, 10, 12, 8349234, 'ET_3244907'),
('IA222', 15, 13, 13, 8355628, 'ET_274243'),
('IA223', 18, 6, 8, 8356808, 'ET_115454'),
('M.SIMAC-MIC 5361', 17, 11, 5, 8359473, 'ET_381340'),
('OMS2', 11, 17, 11, 8361294, 'ET_23968'),
('TAL31', 1, 1, 14, 8364077, 'ET_467883'),
('MR4122', 12, 14, 19, 8366723, 'ET_032023'),
('Hum2', 11, 13, 12, 8378018, 'ET_23498443'),
('TAL2', 16, 7, 17, 8380010, 'ET_23158213'),
('IA222', 18, 6, 1, 8393098, 'ET_408154'),
('BDA223', 5, 7, 7, 8398233, 'ET_39695'),
('APA3', 12, 7, 18, 8400110, 'ET_49623496'),
('CS4131', 1, 1, 18, 8402477, 'ET_23186092'),
('ANUM4112', 7, 15, 19, 8403511, 'ET_23986234'),
('HUM223', 9, 7, 15, 8405354, 'ET_15829'),
('HUM223', 2, 17, 3, 8409516, 'ET_267932'),
('ANUM4121', 14, 12, 14, 8414671, 'ET_13246289'),
('AA222', 8, 7, 6, 8421369, 'ET_287917'),
('CS5312', 8, 3, 18, 8422307, 'ET_393238'),
('TAL32', 11, 0, 12, 8422778, 'ET_405682'),
('M.SIMAC-MIC 4151', 15, 17, 19, 8425758, 'ET_1312123'),
('IV222', 13, 2, 13, 8435167, 'ET_302672'),
('CS5311', 11, 14, 13, 8435289, 'ET_162830'),
('APA3', 18, 17, 13, 8439327, 'ET_01237293'),
('M.SIMAC-MIC 4143', 15, 16, 7, 8442292, 'ET_23834091'),
('M.SIMAC-MIC 4112', 12, 11, 17, 8456539, 'ET_23468210'),
('Hum1', 6, 9, 15, 8457811, 'ET_682123'),
('APA2', 19, 7, 19, 8464373, 'ET_218961236'),
('M.SIMAC-MIC 4151', 16, 10, 13, 8466367, 'ET_239698346'),
('M.SIMAC-MIC 5343', 15, 15, 12, 8468979, 'ET_168286'),
('APA1', 6, 18, 17, 8475903, 'ET_21389231'),
('IV221', 13, 17, 2, 8481702, 'ET_47950'),
('M.SIMAC-MIC 4143', 13, 9, 11, 8485475, 'ET_3248581'),
('HUM221', 4, 1, 7, 8486611, 'ET_115454'),
('ANUM414', 13, 17, 4, 8486825, 'ET_250047'),
('APA4', 7, 6, 6, 8503019, 'ET_238523'),
('M.SIMAC-MIC 5382', 3, 5, 19, 8513572, 'ET_4983'),
('CS5342', 9, 19, 11, 8513794, 'ET_357959'),
('CS5323', 5, 7, 5, 8515756, 'ET_37784'),
('DC2', 12, 8, 6, 8518008, 'ET_123723'),
('MR4122', 6, 17, 15, 8518766, 'ET_24906234'),
('CS4141', 13, 4, 16, 8521820, 'ET_23043098'),
('OMS2', 12, 6, 6, 8522429, 'ET_3294623'),
('ANUM3543', 14, 13, 7, 8535132, 'ET_188179'),
('M.SIMAC-MIC 5311', 7, 14, 4, 8542232, 'ET_331078'),
('DM222', 11, 19, 3, 8542500, 'ET_37644'),
('M.SIMAC-MIC 4141', 15, 14, 16, 8542860, 'ET_1312123'),
('APA2', 10, 18, 15, 8548504, 'ET_234897'),
('ANUM5321', 5, 15, 12, 8548914, 'ET_230999'),
('HUM221', 13, 15, 0, 8552669, 'ET_34224'),
('IA222', 0, 7, 10, 8559988, 'ET_198393'),
('HUM223', 3, 9, 14, 8581074, 'ET_405682'),
('ANUM5311', 19, 16, 11, 8582573, 'ET_468746'),
('APA3', 10, 10, 7, 8592449, 'ET_2375823'),
('ANUM5321', 11, 13, 12, 8595059, 'ET_188179'),
('TAL31', 1, 0, 9, 8600221, 'ET_324189'),
('M.SIMAC-MIC 4142', 16, 7, 17, 8603251, 'ET_23468210'),
('DC1', 19, 7, 12, 8607204, 'ET_682123'),
('Hum2', 15, 19, 19, 8611198, 'ET_234897'),
('AA222', 13, 9, 14, 8611275, 'ET_463691'),
('M.SIMAC-MIC 4113', 19, 12, 14, 8612879, 'ET_23468210'),
('APA4', 19, 15, 7, 8614982, 'ET_123723'),
('MR4122', 19, 8, 8, 8620905, 'ET_4329612'),
('CS4112', 9, 18, 1, 8633321, 'ET_203420'),
('HUM221', 8, 7, 14, 8634790, 'ET_334950'),
('M.SIMAC-MIC 5322', 8, 18, 15, 8639988, 'ET_189849'),
('Hum3', 8, 19, 19, 8642354, 'ET_92389'),
('AA222', 3, 10, 0, 8645466, 'ET_47950'),
('HUM223', 18, 8, 3, 8649982, 'ET_47950'),
('APA1', 16, 14, 13, 8656244, 'ET_23853823'),
('HUM221', 15, 0, 14, 8667667, 'ET_324189'),
('ANUM4111', 14, 11, 6, 8668447, 'ET_9073427'),
('TAL2', 13, 18, 17, 8670241, 'ET_21389231'),
('CS4142', 9, 8, 4, 8676179, 'ET_3244907'),
('M.SIMAC-MIC 5382', 7, 12, 10, 8676680, 'ET_331078'),
('TAL32', 14, 12, 17, 8706503, 'ET_70675'),
('CS5331', 10, 5, 2, 8709330, 'ET_10894'),
('MR4161', 14, 19, 10, 8719495, 'ET_23934987'),
('DM221', 0, 6, 16, 8722787, 'ET_34224'),
('M.SIMAC-MIC 5372', 5, 3, 5, 8732622, 'ET_381340'),
('HUM221', 10, 5, 3, 8737602, 'ET_275357'),
('BDD1', 9, 14, 15, 8743282, 'ET_231'),
('DC1', 19, 19, 13, 8750629, 'ET_12531275'),
('IA223', 16, 18, 12, 8758666, 'ET_223677'),
('APA1', 6, 14, 18, 8764017, 'ET_49623496'),
('DC1', 19, 12, 11, 8765075, 'ET_23498443'),
('CS4132', 17, 0, 17, 8766292, 'ET_3244907'),
('AA221', 9, 1, 9, 8768686, 'ET_212585'),
('TAL32', 12, 10, 18, 8777207, 'ET_462001'),
('HUM223', 13, 0, 14, 8782740, 'ET_31361'),
('AA223', 2, 15, 12, 8787351, 'ET_47950'),
('Hum222', 17, 3, 6, 8790418, 'ET_340574'),
('M.SIMAC-MIC 5321', 0, 16, 9, 8798656, 'ET_381340'),
('BDD2', 18, 8, 8, 8800331, 'ET_2375823'),
('HUM221', 19, 2, 1, 8801843, 'ET_467883'),
('ANUM414', 14, 7, 3, 8811473, 'ET_445190'),
('BDA222', 11, 7, 13, 8820097, 'ET_267932'),
('M.SIMAC-MIC 4163', 17, 6, 8, 8822599, 'ET_1312123'),
('DC2', 12, 7, 10, 8824484, 'ET_682123'),
('AA222', 10, 11, 13, 8841398, 'ET_115454'),
('OMS3', 9, 10, 17, 8848805, 'ET_238523'),
('APA4', 19, 19, 19, 8852072, 'ET_23575812'),
('M.SIMAC-MIC 4152', 19, 10, 13, 8856504, 'ET_239698346'),
('BDA222', 0, 3, 15, 8857347, 'ET_285660'),
('TAL1', 13, 15, 12, 8860014, 'ET_23498443'),
('ANUM5332', 5, 9, 19, 8863945, 'ET_378142'),
('APA3', 12, 7, 10, 8868140, 'ET_32968761'),
('CS4121', 14, 9, 5, 8869029, 'ET_2396893089'),
('AA222', 11, 14, 5, 8870032, 'ET_68887'),
('AA221', 7, 19, 0, 8880220, 'ET_351672'),
('CS5331', 12, 5, 15, 8881906, 'ET_406422'),
('Hum2', 9, 19, 13, 8882401, 'ET_231'),
('AA221', 8, 4, 4, 8887741, 'ET_413938'),
('ANUM5321', 19, 17, 16, 8889672, 'ET_175644'),
('CS4132', 17, 15, 9, 8892446, 'ET_3487129'),
('M.SIMAC-MIC 4151', 8, 8, 15, 8893889, 'ET_234980'),
('AA222', 14, 17, 9, 8899813, 'ET_340574'),
('MR4131', 16, 14, 7, 8900503, 'ET_4329612'),
('IA222', 2, 16, 11, 8918577, 'ET_45419'),
('IA222', 19, 10, 15, 8926044, 'ET_214080'),
('AA221', 13, 7, 9, 8929040, 'ET_76994'),
('MR4112', 13, 11, 19, 8929466, 'ET_123896142'),
('CS4143', 7, 0, 18, 8933284, 'ET_3244907'),
('AA222', 4, 11, 11, 8944865, 'ET_359338'),
('M.SIMAC-MIC 4152', 16, 12, 17, 8948001, 'ET_3248581'),
('M.SIMAC-MIC 5322', 3, 1, 11, 8949439, 'ET_162085'),
('ANUM4122', 19, 7, 6, 8950194, 'ET_9073427'),
('HUM221', 8, 9, 16, 8956355, 'ET_198393'),
('CS5342', 10, 16, 14, 8958779, 'ET_323551'),
('Hum3', 11, 6, 6, 8960818, 'ET_2375823'),
('ANUM4131', 8, 14, 15, 8981552, 'ET_09398621'),
('MR4111', 10, 15, 12, 8984299, 'ET_239234'),
('IV221', 0, 19, 18, 8988952, 'ET_334950'),
('M.SIMAC-MIC 5322', 1, 7, 19, 8988978, 'ET_72511'),
('ANUM5331', 8, 7, 5, 8991365, 'ET_445190'),
('BDA221', 10, 13, 8, 8996642, 'ET_37644'),
('TAL32', 9, 5, 7, 9003446, 'ET_351672'),
('M.SIMAC-MIC 5321', 14, 4, 18, 9015059, 'ET_208402'),
('IA221', 12, 17, 0, 9021255, 'ET_463691'),
('TAL32', 0, 16, 12, 9026006, 'ET_331883'),
('AA221', 18, 18, 3, 9029791, 'ET_302672'),
('APA3', 7, 13, 7, 9045187, 'ET_12767'),
('MR4121', 7, 15, 11, 9050370, 'ET_4329612'),
('CS4112', 0, 4, 3, 9050423, 'ET_3280932'),
('HUM223', 9, 10, 14, 9057921, 'ET_359338'),
('MR4151', 16, 9, 15, 9064611, 'ET_123896142'),
('AA222', 17, 5, 3, 9077771, 'ET_39695'),
('HUM223', 17, 3, 1, 9078339, 'ET_198393'),
('AA221', 13, 10, 7, 9090547, 'ET_287917'),
('IA222', 2, 7, 11, 9095129, 'ET_467883'),
('CS4141', 6, 10, 1, 9097001, 'ET_9342890'),
('CS4141', 14, 8, 0, 9098234, 'ET_3244907'),
('ANUM5312', 18, 3, 19, 9100294, 'ET_445190'),
('ANUM5331', 1, 10, 9, 9105761, 'ET_188179'),
('M.SIMAC-MIC 5361', 17, 12, 10, 9109346, 'ET_307798'),
('HUM221', 17, 0, 3, 9113437, 'ET_240076'),
('ANUM4122', 11, 13, 14, 9114547, 'ET_329702347'),
('AA222', 15, 8, 9, 9119285, 'ET_275357'),
('MR4111', 15, 14, 18, 9124714, 'ET_4329612'),
('CS5332', 7, 8, 1, 9149997, 'ET_340384'),
('ANUM3543', 7, 18, 17, 9150648, 'ET_9073427'),
('CS5341', 15, 13, 15, 9161060, 'ET_62006'),
('CS5331', 7, 10, 5, 9169758, 'ET_30158'),
('ANUM3543', 9, 1, 3, 9171521, 'ET_378142'),
('AA221', 10, 10, 13, 9178123, 'ET_15829'),
('CS4143', 12, 14, 4, 9192075, 'ET_203420'),
('AA222', 8, 10, 14, 9195866, 'ET_212585'),
('MR4161', 12, 15, 7, 9202262, 'ET_2385812'),
('OMS1', 19, 18, 16, 9203178, 'ET_782345767'),
('M.SIMAC-MIC 4142', 6, 6, 18, 9207218, 'ET_2892385'),
('HUM223', 2, 11, 5, 9213230, 'ET_467883'),
('CS5332', 1, 17, 18, 9222949, 'ET_357959'),
('BDA221', 1, 6, 15, 9225099, 'ET_267932'),
('TAL33', 7, 19, 10, 9240971, 'ET_334950'),
('APA1', 12, 8, 12, 9251333, 'ET_218961236'),
('OMS1', 15, 17, 10, 9258946, 'ET_12531275'),
('OMS3', 18, 12, 10, 9259471, 'ET_234897'),
('TAL1', 19, 8, 16, 9265393, 'ET_12531275'),
('OMS3', 15, 12, 19, 9270263, 'ET_01237293'),
('IV221', 5, 13, 1, 9270887, 'ET_214080'),
('CS5341', 4, 16, 19, 9276633, 'ET_406422'),
('IA223', 3, 13, 12, 9285994, 'ET_408154'),
('IV221', 8, 6, 6, 9294307, 'ET_223677'),
('DC2', 18, 11, 8, 9310462, 'ET_49623496'),
('AA223', 0, 13, 3, 9313455, 'ET_70675'),
('CS4122', 10, 5, 10, 9314000, 'ET_2396893089'),
('ANUM5332', 6, 13, 4, 9326134, 'ET_111445'),
('HUM223', 8, 12, 3, 9331437, 'ET_87373'),
('Hum222', 18, 0, 11, 9333795, 'ET_405682'),
('ANUM5312', 16, 19, 1, 9347828, 'ET_250047'),
('OMS3', 9, 9, 6, 9350978, 'ET_3294623'),
('CS5344', 13, 13, 8, 9356807, 'ET_393238'),
('OMS1', 12, 9, 13, 9361941, 'ET_21389231'),
('M.SIMAC-MIC 4111', 12, 9, 17, 9363709, 'ET_23468210'),
('ANUM4133', 9, 8, 6, 9365284, 'ET_32098732'),
('Hum222', 0, 4, 3, 9365776, 'ET_275357'),
('ANUM4133', 16, 15, 16, 9372309, 'ET_329860'),
('AA221', 10, 2, 17, 9372563, 'ET_115454'),
('ANUM3543', 19, 16, 9, 9375226, 'ET_234351'),
('IA222', 12, 4, 9, 9400690, 'ET_287917'),
('ANUM4112', 15, 13, 17, 9404328, 'ET_9073427'),
('OMS2', 18, 13, 12, 9408790, 'ET_12767'),
('ANUM5332', 16, 18, 0, 9410294, 'ET_445190'),
('M.SIMAC-MIC 5321', 13, 0, 16, 9424483, 'ET_189849'),
('M.SIMAC-MIC 5343', 5, 3, 17, 9430622, 'ET_381340'),
('AA223', 9, 7, 19, 9433898, 'ET_263750'),
('APA3', 12, 7, 12, 9443837, 'ET_3294623'),
('CS5332', 10, 16, 9, 9448208, 'ET_10894'),
('CS4142', 9, 6, 2, 9448804, 'ET_3487129'),
('TAL33', 3, 12, 15, 9453216, 'ET_115454'),
('MR4151', 18, 12, 12, 9456197, 'ET_12396912'),
('MR4112', 7, 14, 13, 9460534, 'ET_4329612'),
('APA1', 15, 7, 18, 9466790, 'ET_234897'),
('IA223', 8, 11, 2, 9467041, 'ET_359609'),
('M.SIMAC-MIC 5343', 4, 9, 2, 9467837, 'ET_133956'),
('IA223', 2, 8, 16, 9468700, 'ET_76994'),
('CS4142', 10, 2, 19, 9474750, 'ET_903420978'),
('Hum222', 1, 1, 8, 9491165, 'ET_70675'),
('MR4121', 6, 10, 6, 9493845, 'ET_312983127'),
('AA222', 10, 0, 16, 9495396, 'ET_462001'),
('OMS1', 19, 11, 8, 9504861, 'ET_49623496'),
('HUM223', 19, 3, 0, 9507705, 'ET_395142'),
('Hum1', 7, 17, 19, 9511276, 'ET_3294623'),
('CS4143', 6, 10, 5, 9513060, 'ET_23186092'),
('APA1', 13, 17, 9, 9515893, 'ET_23158213'),
('Hum2', 9, 8, 16, 9524369, 'ET_218961236'),
('MR4131', 18, 10, 13, 9527076, 'ET_24906234'),
('AA221', 2, 11, 18, 9528241, 'ET_267932'),
('IA221', 13, 16, 10, 9533169, 'ET_45419'),
('HUM222', 4, 14, 17, 9533575, 'ET_68887'),
('AA222', 1, 17, 11, 9534539, 'ET_413938'),
('MR4142', 16, 13, 9, 9542742, 'ET_312983127'),
('MR4142', 13, 7, 11, 9545481, 'ET_2385812'),
('Hum222', 2, 1, 7, 9546275, 'ET_270003'),
('TAL32', 15, 10, 13, 9546427, 'ET_263750'),
('BDA223', 17, 4, 3, 9547639, 'ET_57164'),
('CS4122', 9, 3, 2, 9557962, 'ET_3244907'),
('CS5323', 2, 8, 1, 9558599, 'ET_323551'),
('IV221', 19, 6, 8, 9562254, 'ET_351672'),
('APA3', 14, 8, 17, 9567195, 'ET_21389231'),
('Hum222', 12, 19, 11, 9580108, 'ET_214080'),
('ANUM5321', 5, 8, 10, 9587147, 'ET_403348'),
('APA2', 6, 8, 17, 9589078, 'ET_782345767'),
('BDD2', 17, 15, 17, 9593018, 'ET_32968761'),
('ANUM4132', 15, 7, 7, 9593892, 'ET_2378543'),
('HUM223', 8, 9, 8, 9594727, 'ET_324189'),
('IA221', 1, 19, 12, 9595768, 'ET_76994'),
('ANUM3543', 17, 16, 8, 9611337, 'ET_23986234'),
('M.SIMAC-MIC 5382', 8, 18, 13, 9613216, 'ET_217217'),
('ANUM5311', 16, 4, 18, 9615576, 'ET_124586'),
('M.SIMAC-MIC 5322', 12, 18, 13, 9621726, 'ET_381340'),
('ANUM414', 12, 17, 13, 9630302, 'ET_3298348902'),
('CS5321', 5, 10, 1, 9632968, 'ET_393238'),
('CS5312', 16, 16, 6, 9637423, 'ET_37784'),
('OMS3', 14, 18, 15, 9639553, 'ET_32968761'),
('M.SIMAC-MIC 4161', 17, 10, 9, 9642521, 'ET_3248581'),
('AA221', 19, 15, 16, 9653345, 'ET_334950'),
('MR4112', 9, 7, 13, 9660038, 'ET_23934987'),
('IV222', 9, 0, 17, 9661686, 'ET_462001'),
('APA3', 7, 7, 19, 9664207, 'ET_12531275'),
('M.SIMAC-MIC 4141', 13, 15, 9, 9670743, 'ET_239698346'),
('CS4112', 14, 10, 18, 9679750, 'ET_2396893089'),
('CS4121', 3, 18, 8, 9685770, 'ET_9342890'),
('ANUM4133', 18, 17, 11, 9693341, 'ET_23986234'),
('Hum1', 17, 11, 18, 9705070, 'ET_92389'),
('AA221', 5, 1, 7, 9716977, 'ET_462001'),
('IA223', 12, 14, 17, 9726136, 'ET_359338'),
('APA2', 9, 10, 18, 9727066, 'ET_23575812'),
('Hum1', 11, 11, 11, 9735904, 'ET_23575812'),
('CS5332', 11, 0, 3, 9740782, 'ET_30158'),
('CS5343', 7, 10, 4, 9744162, 'ET_406422'),
('M.SIMAC-MIC 5321', 17, 1, 2, 9760104, 'ET_331078'),
('ANUM5331', 4, 10, 17, 9765630, 'ET_111445'),
('M.SIMAC-MIC 5311', 4, 17, 1, 9772385, 'ET_168286'),
('APA3', 10, 14, 8, 9784581, 'ET_23498443'),
('ANUM5332', 2, 1, 11, 9797853, 'ET_138980'),
('MR4112', 9, 9, 19, 9798886, 'ET_12396912'),
('TAL32', 10, 12, 1, 9799898, 'ET_408154'),
('Hum222', 1, 0, 5, 9802454, 'ET_408154'),
('IA223', 7, 13, 3, 9804110, 'ET_351672'),
('ANUM4121', 15, 19, 17, 9808693, 'ET_9073427'),
('M.SIMAC-MIC 5323', 7, 10, 5, 9809889, 'ET_217217'),
('IA221', 2, 9, 16, 9811837, 'ET_408154'),
('CS5344', 2, 10, 7, 9814220, 'ET_357959'),
('ANUM414', 4, 4, 9, 9814497, 'ET_230999'),
('HUM222', 19, 19, 9, 9818785, 'ET_31361'),
('ANUM414', 19, 6, 6, 9823430, 'ET_9073427'),
('CS4122', 13, 17, 13, 9830727, 'ET_903420978'),
('IA221', 7, 3, 5, 9838678, 'ET_263750'),
('HUM222', 10, 9, 8, 9839739, 'ET_87373'),
('M.SIMAC-MIC 5382', 8, 7, 18, 9840016, 'ET_162085'),
('OMS2', 14, 13, 7, 9843622, 'ET_49623496'),
('M.SIMAC-MIC 5311', 19, 13, 13, 9844557, 'ET_217217'),
('MR4151', 10, 6, 14, 9851291, 'ET_4329612'),
('ANUM5311', 0, 8, 17, 9857290, 'ET_403348'),
('DM222', 2, 13, 9, 9864316, 'ET_427005'),
('MR4111', 19, 9, 7, 9872476, 'ET_2385812'),
('IV222', 7, 12, 0, 9878395, 'ET_275357'),
('CS5343', 17, 11, 7, 9879729, 'ET_37784'),
('MR4161', 6, 15, 12, 9891119, 'ET_24906234'),
('OMS3', 15, 6, 13, 9894688, 'ET_49623496'),
('TAL33', 5, 0, 5, 9897312, 'ET_214080'),
('ANUM5322', 1, 17, 18, 9902094, 'ET_85001'),
('ANUM3543', 18, 16, 11, 9902111, 'ET_3298348902'),
('HUM222', 0, 6, 10, 9909952, 'ET_344261'),
('ANUM414', 9, 15, 18, 9929439, 'ET_13246289'),
('M.SIMAC-MIC 4161', 13, 15, 12, 9930413, 'ET_234980'),
('IA221', 12, 2, 5, 9939521, 'ET_198393'),
('TAL32', 13, 9, 16, 9943913, 'ET_47950'),
('M.SIMAC-MIC 5332', 16, 2, 0, 9950872, 'ET_255239'),
('DM221', 16, 6, 6, 9954868, 'ET_266652'),
('AA221', 0, 2, 11, 9957537, 'ET_274243'),
('CS4112', 17, 9, 14, 9965855, 'ET_34790234'),
('MR4132', 12, 12, 19, 9966414, 'ET_12396912'),
('CS5313', 13, 5, 5, 9973582, 'ET_357959'),
('MR4162', 10, 10, 12, 9976016, 'ET_23934987'),
('HUM221', 15, 16, 15, 9986997, 'ET_344261'),
('APA1', 18, 15, 17, 9987219, 'ET_23575812'),
('ANUM5322', 14, 10, 9, 9991814, 'ET_175644'),
('CS5313', 1, 0, 4, 9995829, 'ET_162830'),
('ANUM5332', 7, 9, 6, 9997936, 'ET_338547');

-- --------------------------------------------------------

--
-- Structure de la table `occupees`
--

CREATE TABLE IF NOT EXISTS `occupees` (
  `id` int(11) NOT NULL,
  `numSall` int(11) NOT NULL,
  `jours` varchar(50) CHARACTER SET utf8 COLLATE utf8_unicode_ci NOT NULL,
  `heures` varchar(100) CHARACTER SET utf8 COLLATE utf8_unicode_ci NOT NULL,
  `profs` varchar(50) CHARACTER SET utf8 COLLATE utf8_unicode_ci NOT NULL,
  `mat` varchar(100) CHARACTER SET utf8 COLLATE utf8_unicode_ci NOT NULL,
  PRIMARY KEY (`id`)
) ENGINE=InnoDB DEFAULT CHARSET=latin1;

--
-- Contenu de la table `occupees`
--

INSERT INTO `occupees` (`id`, `numSall`, `jours`, `heures`, `profs`, `mat`) VALUES
(1, 1, ' lundi', ' 09h-13h', 'M.MBOUP', ' Programmation fonctionnelle avancée (Scala, MapReduce, Hadoop)'),
(2, 2, ' lundi', ' 09h-13h', 'M. GNING', 'Réseau de Neurones Artificiels et Deep Learning'),
(3, 3, 'lundi', '09h-13h', 'M.DIATTARA', 'Big Data Analytics'),
(4, 4, 'lundi', '09h-13h', 'M.PAYE', 'Management de la cybersécurité (Référence : ISO2700X)'),
(5, 5, 'lundi', '09-13h', 'M.TOURE', 'Automatisme 1'),
(6, 6, 'lundi', '09h-13h', 'M.CISSOKHO', 'Théorie des distributions'),
(7, 7, 'lundi', '09h-13h', 'M.BATHILY', 'Analyse asymptotique'),
(8, 8, 'lundi', '09h-13h', 'M.DIA', 'Modélisation (déterministe et Stochastique)'),
(9, 9, 'lundi', '09-13h', 'M.DAFF', 'Regression linéaire généralisée'),
(10, 1, 'lundi', '15h-19h', 'M.FALL', 'Optimisation Continue'),
(11, 2, 'lundi', '15h-18h', 'M.NDIAYE', 'Anglais III'),
(12, 3, 'lundi', '15h-18h', 'M.THIAM', 'Sécurité et Administration des BDD'),
(13, 4, 'lundi', '15h-19h', 'M.DIOUF', 'Procédures et dispositifs opérationnels (NOC, SOC, SCIRT- CERT)'),
(14, 5, 'lundi', '15h-19h', 'M.CISSE', 'Automatique1'),
(15, 6, 'lundi', '15h-19h', 'M.DIOP', 'Robotic Process Automation (RPA)'),
(16, 7, 'lundi', '15h-19h', 'M.GASSAMA', 'Econométrie'),
(17, 10, 'lundi', '15h-19h', 'M.FOFANA', 'Calcul Scientifique'),
(18, 1, ' mardi', '09h-13h', 'M.MBOUP', ' Programmation fonctionnelle avancée (Scala, MapReduce, Hadoop)'),
(19, 2, 'mardi', '09h-13h', 'M.THIAM', 'Algorithme, graphes et complexité'),
(20, 3, 'mardi', '09h-13h', 'M.DIATTARA', 'Big Data Analytics'),
(21, 4, 'mardi', '08h-12h', 'M.SARR', 'Sécurité et administration réseaux et systèmes'),
(22, 5, 'mardi', '09h-13h', 'M.PAYE', 'Management de la cybersécurité (Référence : ISO2700X)'),
(23, 6, 'mardi', '09h-13h', 'M.TOURE', 'Automatisme1'),
(24, 7, 'mardi', '09h-13h', 'M.BATHILY', 'Analyse asymptotique'),
(25, 8, 'mardi', '09h-13h', 'M.KA', 'Analyse1'),
(26, 10, 'mardi', '15h-19h', 'M.GNING', 'Réseaux de neurones artificielles et Deep Learning'),
(27, 1, 'mardi', '15h-19h', 'M.DIAGNE', 'Calcul matriciel numérique'),
(28, 2, 'mardi', '15h-19h', 'M.CISSE', 'Analyse des réseaux sociaux'),
(29, 3, 'mardi', '15h-18h', 'M.NDIAYE', 'Cryptographie (chiffrement, hachage, signature)'),
(30, 4, 'mardi', '15h-19h', 'M.DIOUF', '	Procédures et dispositifs opérationnels (NOC, SOC, SCIRT- CERT)'),
(31, 5, 'mardi', '15h-19h', 'M.TOURE', 'Automatisme1'),
(32, 6, 'mardi', '15h-19h', 'M.DIOP', 'Robotic Process Automation (RPA)'),
(33, 7, 'mardi', '15h-19h', 'M.GASSAMA', 'Econométrie'),
(34, 8, 'mardi', '15h-18h', 'M.LO', 'Civisme et Citoyenneté');

-- --------------------------------------------------------

--
-- Structure de la table `professeur`
--

CREATE TABLE IF NOT EXISTS `professeur` (
  `codeMat` varchar(200) CHARACTER SET utf8 COLLATE utf8_unicode_ci NOT NULL,
  `grade` varchar(100) CHARACTER SET utf8 COLLATE utf8_unicode_ci NOT NULL,
  `idProf` varchar(200) CHARACTER SET utf8 COLLATE utf8_unicode_ci NOT NULL,
  `nomProf` varchar(100) CHARACTER SET utf8 COLLATE utf8_unicode_ci NOT NULL,
  `prenomProf` varchar(50) CHARACTER SET utf8 COLLATE utf8_unicode_ci NOT NULL,
  PRIMARY KEY (`idProf`)
) ENGINE=InnoDB DEFAULT CHARSET=latin1;

--
-- Contenu de la table `professeur`
--

INSERT INTO `professeur` (`codeMat`, `grade`, `idProf`, `nomProf`, `prenomProf`) VALUES
('CS4142', ' Docteur', ' PR_02304', ' DIOP', ' Fatou Nene'),
('OMS3', ' Docteur', ' PR_09597832', ' DIOP', ' Babacar'),
('M.SIMAC-MIC 4131', ' Enseignant chercheur', ' PR_1238856', ' SAMB', ' Dame'),
('M.SIMAC-MIC 4163', ' Docteur', ' PR_1277686', ' CISSE', ' Yacine'),
('M.SIMAC-MIC 4142', ' PhD', ' PR_230978324', ' GUEYE', ' Mbaye Babacar'),
('MSIMAC-MIC 4122', ' Assistant Maître de conférence', ' PR_234987', ' SONKO', ' Mouhamadou'),
('M.SIMAC-MIC 4113', ' Enseignant chercheur', ' PR_23679324', ' FALL', ' Mouhamadou'),
('DC1', ' Professeur', ' Pr_236984', ' BA', ' Abdoulahi'),
('APA1', ' Enseignant chercheur', ' PR_23859', ' SENE', ' Ngor'),
('M.SIMAC-MIC 4142', ' PhD', ' PR_239478', ' BOUSSO', ' Mamadou'),
('M.SIMAC-MIC 4132', ' Professeur', ' PR_29780324', ' AIDARA', ' Ben Cherif'),
('M.SIMAC-MIC 4163', ' Docteur', ' PR_30721321', ' DIONE', ' Albert'),
('M.SIMAC-MIC 4152', ' Professeur', ' PR_324098732', ' THIAM', ' Mouhamadou'),
('APA3', ' Vacataire', ' PR_3285123', ' SOW', ' Aminata'),
('CS4112', ' PhD', ' PR_3287967', ' DIOP', ' Moustapha'),
('M.SIMAC-MIC 4111', ' Doctorant Vacataire', ' PR_329863', ' DIOUF', ' Mansour'),
('APA2', ' Enseignant chercheur', ' PR_342785', ' MBOUP', ' Djibril'),
('CS4132', ' Docteur', ' PR_342968', ' SALL', ' Kalidou'),
('CS4143', ' Professeur', ' PR_34297', ' GNING', ' Lucien'),
('CS4121', ' Docteur', ' PR_34689', ' DIAGNE', ' Mouhamadou Lamine'),
('BDD2', ' PhD', ' PR_348512', ' FALL', ' Mouhamadou'),
('CS4111', ' Professeur', ' PR_3798342', ' TOUMBOU', ' Babacar'),
('OMS2', ' Enseignant', ' PR_39867234', ' DIOP', ' Fallou'),
('M.SIMAC-MIC 4112', ' Maître de conférene', ' PR_4328970732', ' THIAM', ' Mamadou'),
('APA2', ' Vacataire', ' PR_43986', ' NDIAYE', ' Joseph'),
('BDD2', 'PhD', 'PR_348512', 'FALL', 'Mouhamadou');

-- --------------------------------------------------------

--
-- Structure de la table `salle`
--

CREATE TABLE IF NOT EXISTS `salle` (
  `Libelle` varchar(200) CHARACTER SET utf8 COLLATE utf8_unicode_ci NOT NULL,
  `num` int(50) NOT NULL,
  PRIMARY KEY (`num`)
) ENGINE=InnoDB DEFAULT CHARSET=latin1;

--
-- Contenu de la table `salle`
--

INSERT INTO `salle` (`Libelle`, `num`) VALUES
('Salle Informatique', 1),
('Salle 2', 2),
('Salle 3', 3),
('Amphie1', 4),
('Salle 5', 5),
('Salle de conférence', 6),
('Amphie2', 7),
('Salle Travaux Pratiques', 8),
('Salle Lat Dior DIOP', 9),
('Salle 10', 10);

/*!40101 SET CHARACTER_SET_CLIENT=@OLD_CHARACTER_SET_CLIENT */;
/*!40101 SET CHARACTER_SET_RESULTS=@OLD_CHARACTER_SET_RESULTS */;
/*!40101 SET COLLATION_CONNECTION=@OLD_COLLATION_CONNECTION */;
